Name,Address,Website,Plus-code,lat,lon
Cartist Detailing,"18 Rivington St, Nundah QLD 4012, Australia ",http://cartistdetailing.com/,"J337+MH Nundah, Queensland, Australia",-27.3958657,153.0639354
BP Car Wash,"Old Northern Road &, Albany Forest Dr, Albany Creek QLD 4035, Australia ",https://www.bp.com/en_au/australia/products-services/service-stations/bp-car-wash.html,"JXR9+QV Albany Creek, Queensland, Australia",-27.3580994,152.9696517
Wash It,"24 Colebard St E, Acacia Ridge QLD 4110, Australia ",,"C295+J4 Acacia Ridge, Queensland, Australia",-27.5809187,153.0078554
Star Car Wash - Westfield Carindale (Blue),"Blue Level Carpark (best entry via, Westfield Carindale, 1151 Creek Rd, Carindale QLD 4152, Australia ",https://www.starcarwash.com.au/centres/carindale-1/?utm_source=google&utm_medium=organic&utm_campaign=gmb-listing,"F4W2+46 Carindale, Queensland, Australia",-27.5046755,153.1005007
Classic Auto Wash,"3484 Mount Lindesay Hwy, Regents Park QLD 4118, Australia ",,"82FJ+4M Regents Park, Queensland, Australia",-27.6771364,153.031701
Mr Magic Car Wash,"470 Mount Petrie Rd, MacKenzie QLD 4156, Australia ",http://www.mrmagic.com.au/automatic,,-27.5454125,153.1213683
Star Car Wash - Redbank Plains (Town Square),"Town Square Redbank Plains Shopping Centre, 357/403 Redbank Plains Rd, Redbank Plains QLD 4301, Australia ",https://www.starcarwash.com.au/centres/redbank-plains/?utm_source=google&utm_medium=organic&utm_campaign=gmb-listing,"9V39+PM Redbank Plains, Queensland, Australia",-27.6456617,152.8691536
House Washing Experts,"5 Finch Parade, Rochedale QLD 4123 ",https://housewashingexperts.com.au/,"C4M7+43 Rochedale, Queensland, Australia",-27.567157,153.112697
Roadside Detailing,"208 Dohles Rocks Rd, Murrumba Downs QLD 4503, Australia ",http://www.roadsidedetailing.com.au/,,-27.2621292,153.0009923
Glo Hand Car Wash,"Arndale Shopping Centre, 17 Cinderella Dr, Springwood QLD 4127, Australia ",http://www.glocarwash.com.au/,"94QG+25 Springwood, Queensland, Australia",-27.6124731,153.1254552
Protect Your Ride Brisbane,"123 Durrang St, Durack QLD 4077, Australia ",https://protectyourride.com.au/,"CX4J+GQ Durack, Queensland, Australia",-27.5937013,152.9819006
Oz Car Wash & Detailing,"Cnr Brisbane road and Soth station road Inside car park -Booval fair Shopping centre, Booval QLD 4304, Australia ",http://ozcarwash.com.au/,"9QPQ+3Q Booval, Queensland, Australia",-27.6147914,152.7893881
Soft Wash,"208 Progress Rd, Richlands QLD 4077, Australia ",,"CW2X+PX Richlands, Queensland, Australia",-27.5982435,152.9499788
Star Car Wash - Northlakes (Woolworths Entrance),"Anzac Ave, North Lakes QLD 4509, Australia ",https://www.starcarwash.com.au/,"Q257+VJ North Lakes, Queensland, Australia",-27.2402772,153.0140931
Australian Exotic Detailing,"700 Albany Creek Rd, Albany Creek QLD 4035, Australia ",http://dreamlinedetailing.com.au/,"MX39+96 Albany Creek, Queensland, Australia",-27.3465734,152.9680721
Driveway Detail,"8 Winlock Cct, Warner QLD 4500, Australia ",,"MWXX+C8 Warner, Queensland, Australia",-27.301437,152.9482938
Concierge Car Wash Stafford City,"C1/400 Stafford Rd, Stafford QLD 4053, Australia ",https://conciergecarwash.com.au/,"H2Q6+FW Stafford, Queensland, Australia",-27.4113738,153.0123663
Car Detailing services,"Merton Rd, Woolloongabba QLD 4102, Australia ",,"G27J+77 Woolloongabba, Queensland, Australia",-27.4868049,153.0306763
Ampol Car Wash,"1-5/6 Leda Dr, Shailer Park QLD 4128, Australia ",https://www.ampol.com.au/,,-27.6598861,153.1691752
ishine Express Wash,"169 Old Northern Rd, Albany Creek QLD 4035, Australia ",,"MX37+FX Albany Creek, Queensland, Australia",-27.3463492,152.9649361
Car Ceramic Protection,"Unit 6/210 Robinson Rd E, Geebung QLD 4034, Australia ",https://carceramicprotection.com.au/,"J3H2+RM Geebung, Queensland, Australia",-27.3703856,153.0516748
Mobile Car Detailing Brisbane | Racing Line Detailing,"11 Llewellyn St, New Farm QLD 4005, Australia ",https://www.racinglinedetailing.com.au/?utm_source=GMB&utm_medium=organic&utm_term=local,"G2HV+74 New Farm, Queensland, Australia",-27.4717696,153.0427906
Rohans Detailing,"14a/82 Redland Bay Rd, Capalaba QLD 4157, Australia ",http://www.rohansdetailing.com/,"F5FW+HM Capalaba, Queensland, Australia",-27.5260126,153.1966303
Kristi's Car Detailing,"24 Orontes Rd, Yeronga QLD 4104, Australia ",,"F2R4+8J Yeronga, Queensland, Australia",-27.5092141,153.0065028
Sparkles Car Wash (Hyperdome Mandew St Entrance),"Hyperdome Shopping Centre, Mandew St, Shailer Park QLD 4128, Australia ",,"85VC+HG Shailer Park, Queensland, Australia",-27.6560753,153.1712544
Magic Car Clean,"xxxxx, Kallangur QLD 4503, Australia ",,"QX4P+PQ Kallangur, Queensland, Australia",-27.2431916,152.9869433
4x4 Rustproofing & Beach Wash,"9/33-35 Timms Rd, Everton Hills QLD 4053, Australia ",http://www.4x4rustproofing.com.au/,"JX5C+WX Everton Hills, Queensland, Australia",-27.3901814,152.9724673
Moreton Bay Detailing Studio Pty Ltd,"Unit 3/25 Snook St, Clontarf QLD 4019, Australia ",http://www.moretonbaydetailing.com.au/,"Q36M+FF Clontarf, Queensland, Australia",-27.2387937,153.0837171
Express Car Wash,"397 Cabramatta Rd W, Cabramatta NSW 2166, Australia ",,"4W2C+95 Cabramatta, New South Wales, Australia",-33.899016,150.920402
Classic Car Wash - Detailing & Ceramic Coating,"315 Hume Hwy, Cabramatta NSW 2166, Australia ",https://classiccarwashcafe.com.au/,"4W2X+H7 Cabramatta, New South Wales, Australia",-33.8985404,150.9481659
Glow Car Wash Cabramatta,"208 Cabramatta Rd W, Cabramatta NSW 2166, Australia ",https://www.facebook.com/pages/Glow-Carwash-Cafe/165227973488630,"4W3P+GH Cabramatta, New South Wales, Australia",-33.8962021,150.9364384
Memos Car Wash,"4 Broad St, Cabramatta NSW 2166, Australia ",https://www.instagram.com/memocarwash_cafe/,"4W3G+7W Cabramatta, New South Wales, Australia",-33.8968603,150.9273648
Golden Crown Car Wash Cafe,"74 Railway Pde, Canley Vale NSW 2166, Australia ",http://www.goldencrowncarwashcafe.com.au/,"4W8W+RQ Canley Vale, New South Wales, Australia",-33.882934,150.946903
Super Shine Carwash,"324 Hume Hwy, Liverpool NSW 2170, Australia ",https://www.supershinecarwash.com.au/,"3W99+Q5 Liverpool, New South Wales, Australia",-33.930549,150.9179786
Day n Nite Hand Car Wash - Burger & Cafe,"346 Elizabeth Dr, Mount Pritchard NSW 2170, Australia ",,"3VWW+JP Mount Pritchard, New South Wales, Australia",-33.903433,150.896771
IMO Car Wash,"23 Bathurst St, Liverpool NSW 2170, Australia ",https://www.imocarwash.com/au/car-washes/liverpool-new-south-wales/liverpool-car-wash/?y_source=1_MTIyNzE1MzktNzE1LWxvY2F0aW9uLndlYnNpdGU%3D,"3WHC+XG Liverpool, New South Wales, Australia",-33.9200084,150.9213377
Car Lovers,"Unit 312/314 Hume Hwy, Liverpool NSW 2170, Australia ",,"3W99+X7 Liverpool, New South Wales, Australia",-33.9300342,150.9181822
Wash & Co - Carwash and Café,"391/395 Newbridge Rd, Moorebank NSW 2170, Australia ",http://www.washandco.com.au/,"3WCJ+QR Moorebank, New South Wales, Australia",-33.9280652,150.9320643
Midnight Detailing Co. | Premium Car Detailing & Ceramic Protection Sydney,"23 George St, Canley Heights NSW 2166, Australia ",https://www.midnightdetailingco.com.au/,"4W9M+M2 Canley Heights, New South Wales, Australia",-33.8808193,150.9326204
Soft Wash,"468 Cabramatta Rd W, Mount Pritchard NSW 2170, Australia ",,"4W27+X5 Mount Pritchard, New South Wales, Australia",-33.8975925,150.9128817
Plaza Wash - Car Wash & Detailing,"Aldi Rooftop Car Park, Access from, 158 Northumberland St, Liverpool NSW 2170, Australia ",https://www.instagram.com/plaza_wash/,"3WHF+G9 Liverpool, New South Wales, Australia",-33.9211661,150.9234676
Smileys Detailing & Co,"252 Hume Hwy, Lansvale NSW 2166, Australia ",,"4X22+9Q Lansvale, New South Wales, Australia",-33.8990602,150.9518822
Hydrolux Detailing - Mobile Car Detailing,"Cabramatta Rd W, Cabramatta NSW 2166, Australia ",http://www.hydroluxdetailing.com/,"4W29+7M Cabramatta, New South Wales, Australia",-33.8993744,150.9192426
Envirowash,"36a Cawarra Rd, Caringbah NSW 2229, Australia ",http://envirowash.net.au/,"X49G+VC Caringbah, New South Wales, Australia",-34.0302526,151.1260485
Aqua Car Wash Miranda,"109 Miranda Rd S, Miranda NSW 2228, Australia ",https://aquacarwashcafe.com.au/,"X455+M8 Miranda, New South Wales, Australia",-34.0408694,151.1082583
Star Car Wash - Taren Point,"144 Taren Point Rd, Taren Point NSW 2229, Australia ",https://www.starcarwash.com.au/centres/taren-point/?utm_source=google&utm_medium=organic&utm_campaign=gmb-listing,"X4GC+PJ Taren Point, New South Wales, Australia",-34.0231827,151.1216144
Snap Car Wash Woolooware (Bay Central - Level P2 Car Park),"Car Park, Level P2/453a Captain Cook Dr, Woolooware NSW 2230, Australia ",https://www.snapcarwash.com.au/,"X46V+J5 Woolooware, New South Wales, Australia",-34.0384451,151.1429673
Auto Detailing Garage,"4/55-61 Willarong Rd, Caringbah NSW 2229, Australia ",http://www.autodetailinggarage.com.au/,"X49C+VQ Caringbah, New South Wales, Australia",-34.0303723,151.1218756
Exclusive Detailing,"Unit 22/3 Box Rd, Taren Point NSW 2229, Australia ",https://www.exclusivedetailingco.com/,"X4GF+8X Taren Point, New South Wales, Australia",-34.0241437,151.1249368
Soft Wash,"200 Kingsway, Woolooware NSW 2230, Australia ",,"X43M+G9 Woolooware, New South Wales, Australia",-34.0462261,151.1334366
Sunshine carwash,"Miranda NSW 2228, Australia ",,"X482+PQ Miranda, New South Wales, Australia",-34.0331901,151.101983
DETAILD Sydney,"28 Box Rd, Caringbah NSW 2229, Australia ",http://www.facebook.com/Detaildsydney,"X4FF+XQ Caringbah, New South Wales, Australia",-34.0251066,151.1244134
CRONULLA HAND CARWASH,"100 Woolooware Rd, Woolooware NSW 2230, Australia ",,"W4WR+W8 Woolooware, New South Wales, Australia",-34.052747,151.1408431
Star Car Wash - Westfield Miranda 2 (Kiora Rd),"Enter via, Westfield Miranda 600 Kingsway, Kiora Rd, Miranda NSW 2228, Australia ",https://www.starcarwash.com.au/centres/miranda-kiora/?utm_source=google&utm_medium=organic&utm_campaign=gmb-listing,"X472+HH Miranda, New South Wales, Australia",-34.0360313,151.1014093
The Detail Co. | Professional Detailing & Ceramic Paint Protection,"Unit 2/1 Atkinson Rd, Taren Point NSW 2229, Australia ",https://www.thedetailco.com.au/,"X4HH+7Q Taren Point, New South Wales, Australia",-34.021793,151.1293913
Auto Shine,"Miranda NSW 2228, Australia ",,"X4G4+C5 Miranda, New South Wales, Australia",-34.0238956,151.105483
Route 66 Car Wash Caringbah,"220 Taren Point Rd, Caringbah NSW 2229, Australia ",,"X4CC+59 Caringbah, New South Wales, Australia",-34.0295487,151.1209819
Maxi Shine Car Wash,"236A/238 New Line Rd, Dural NSW 2158, Australia ",,"72VG+FM Dural, New South Wales, Australia",-33.706283,151.0267035
Star Car Wash - Rouse Hill Town Centre,"Centre, 10 - 14 Market Ln, Rouse Hill NSW 2155, Australia ",https://www.starcarwash.com.au/centres/rouse-hill/?utm_source=google&utm_medium=organic&utm_campaign=gmb-listing,"8W5F+VG Rouse Hill, New South Wales, Australia",-33.6902787,150.9238577
Star Car Wash - The Ponds Shopping Centre,"The Ponds Shopping Centre, Riverbank Dr, The Ponds NSW 2769, Australia ",https://www.starcarwash.com.au/centres/the-ponds/?utm_source=google&utm_medium=organic&utm_campaign=gmb-listing,"7WV6+QG The Ponds, New South Wales, Australia",-33.7055967,150.9112556
Castle Towers,"Shop 6/14 Castle St, Castle Hill NSW 2154, Australia ",http://www.castletowers.com.au/,"7293+3X Castle Hill, New South Wales, Australia",-33.7323355,151.0049346
DT Car Care,"38 Roxburgh Cres, Stanhope Gardens NSW 2768, Australia ",http://dtcarcare.com.au/,"7WPM+R9 Stanhope Gardens, New South Wales, Australia",-33.7129737,150.9334385
Supercheap Auto Castle Hill,"Shop 1, Homemaker Centre, 6 Victoria Ave, Castle Hill NSW 2154, Australia ",https://www.supercheapauto.com.au/stores/details/sca-castle-hill?utm_source=google&utm_medium=organic&utm_campaign=gbpm-castlehill,"7X9H+8R Castle Hill, New South Wales, Australia",-33.7316269,150.9795156
Auto One Castle Hill,"2/9 Hoyle Ave, Castle Hill NSW 2154, Australia ",https://www.autoone.com.au/store-information?Storename=Auto%20One%20Castle%20Hill,"7X9M+4G Castle Hill, New South Wales, Australia",-33.7322455,150.9838603
Ajamscarwashing,"Brampton Dr, Beaumont Hills NSW 2155, Australia ",,"8W2X+C8 Beaumont Hills, New South Wales, Australia",-33.6989312,150.9483332
The Washouse,"1 Resolution Pl, Rouse Hill NSW 2155, Australia ",https://thewashouse.com.au/,"8W89+5F Rouse Hill, New South Wales, Australia",-33.6845571,150.9187002
Pram Cleaning Hills District,"19/5 Hudson Ave, Castle Hill NSW 2154, Australia ",https://www.pramcleaninghillsdistrict.com/,"7X9G+F8 Castle Hill, New South Wales, Australia",-33.7313186,150.9758577
Bodytech Automotive,"79/4 Hoyle Ave, Castle Hill NSW 2154, Australia ",https://www.bodytechautomotive.com.au/,"7X9M+34 Castle Hill, New South Wales, Australia",-33.7322602,150.9828131
Target Castle Hill,"Shop/100A Pennant St, Castle Hill NSW 2154, Australia ",https://www.target.com.au/store/nsw/castle-hill/5177?utm_source=Organic&utm_medium=GoogleBusinessProfiles&utm_campaign=Target-Castle-Hill&utm_content=WebsiteButton,"72C4+6M Castle Hill, New South Wales, Australia",-33.7294093,151.0066404
EuroWerke,"12B/8 Gladstone Rd, Castle Hill NSW 2154, Australia ",https://eurowerke.com.au/,"7X8G+6R Castle Hill, New South Wales, Australia",-33.7343956,150.9770213
Coles Express Car Wash,"16 Adelphi St, Rouse Hill NSW 2155, Australia ",,"8W88+RJ Rouse Hill, New South Wales, Australia",-33.6829182,150.9165241
Solartint,"26/7 Victoria Ave, Castle Hill NSW 2154, Australia ",http://www.solartint.com.au/,"7X9J+2F Castle Hill, New South Wales, Australia",-33.7323972,150.9812421
Kmart Castle Hill,"Castle Towers, S/C/6-14 Castle St, Castle Hill NSW 2154, Australia ",https://www.kmart.com.au/store-detail/Kmart+Castle+Hill?utm_source=google&utm_medium=organic&utm_campaign=googleplaces&utm_content=kmart+castle+hill,"7294+WH Castle Hill, New South Wales, Australia",-33.730176,151.006422
Phase 3 Auto Surface Technicians,"The Ponds Blvd, The Ponds NSW 2769, Australia ",http://www.phase3autodetail.com.au/,"7WM6+P7 The Ponds, New South Wales, Australia",-33.7156419,150.9107278
Glitz Mobile Auto Spa,"14 Nightcap St, North Kellyville NSW 2155, Australia ",https://www.glitzautospa.com.au/,"8W7W+HR North Kellyville, New South Wales, Australia",-33.6861079,150.9470615
mycar Tyre & Auto Castle Hill,"Les Shore Place Opposite, Les Shore Pl, Castle Hill NSW 2154, Australia ",https://www.mycar.com.au/stores/nsw/castle-hill?utm_source=google-business-profile&utm_medium=organic&utm_campaign=gbp-website&utm_content=castle-hill,"72C4+9F Castle Hill, New South Wales, Australia",-33.7291111,151.0061884
Affordable Luxury Car Detailing,"39 River Oak Cct, Kellyville NSW 2155, Australia ",http://affordableluxurycarrentals.com.au/contact-us,"7WRW+C6 Kellyville, New South Wales, Australia",-33.7089453,150.9456204
The Mechanic Castle Hill,"74/4 Hoyle Ave, Castle Hill NSW 2154, Australia ",http://www.bodytechmechanic.com.au/,"7X8M+X4 Castle Hill, New South Wales, Australia",-33.7325716,150.982831
Castle Hill Homemaker Shopping Centre,"6 Victoria Ave, Castle Hill NSW 2154, Australia ",https://castlehillhomemakercentre.com.au/,"7X9H+7P Castle Hill, New South Wales, Australia",-33.7317961,150.9793545
"Fancy Car Auto Detailing - Car Detailing, Ceramic Coating, Detailers","16 Hyatt Cl, Rouse Hill NSW 2155, Australia ",https://www.facebook.com/FancyCarDetailing/,"8WGJ+RC Rouse Hill, New South Wales, Australia",-33.672997,150.931075
Baby Bunting Castle Towers,"Shop 378/6-14 Castle St, Castle Hill NSW 2154, Australia ",https://babybunting.com.au/,"72C4+5R Castle Hill, New South Wales, Australia",-33.7295918,151.0071208
Petbarn Castle Hill,"Homemaker Centre, Shop 4/6 Victoria Ave, Castle Hill NSW 2154, Australia ",https://www.petbarn.com.au/store-finder/castle-hill?utm_source=google&utm_medium=organic&utm_campaign=local_seo&utm_term=castle-hill,"7X9H+78 Castle Hill, New South Wales, Australia",-33.7318233,150.9782553
EV Carz Castle Hill NSW,"21B Victoria Ave, Castle Hill NSW 2154, Australia ",http://www.evcarz.com.au/,"7XCH+5R Castle Hill, New South Wales, Australia",-33.7296165,150.9795971
Castle Hill Volkswagen Service Centre,"2/6 Hudson Ave, Castle Hill NSW 2154, Australia ",https://castlehillvolkswagen.com.au/volkswagen-service-bookings-sydney.html,"7X8F+XC Castle Hill, New South Wales, Australia",-33.7325019,150.9735107
Tong Li IGA Xpress,"Shop 109 Castle Mall, 4-16 Terminus St, Castle Hill NSW 2154, Australia ",https://www.iga.com.au/stores/#view=storelocator,"7284+PC Castle Hill, New South Wales, Australia",-33.7331603,151.006011
HomeCo. Castle Hill,"16-18 Victoria Ave, Castle Hill NSW 2154, Australia ",https://home-co.com.au/castle-hill?utm_source=google&utm_medium=organic&utm_campaign=gmbprfle-castlehill,"7XFG+5G Castle Hill, New South Wales, Australia",-33.727012,150.9762631
Chemist Warehouse Castle Hill,"336 to 338 Old Northern Rd, Castle Hill NSW 2154, Australia ",https://www.chemistwarehouse.com.au/,"7298+WP Castle Hill, New South Wales, Australia",-33.7302052,151.0167991
AAA Mechanical,"132/7 Hoyle Ave, Castle Hill NSW 2154, Australia ",https://www.aaamechanical.com.au/,"7X9M+7R Castle Hill, New South Wales, Australia",-33.7317636,150.9845133
Plus Fitness 24/7 Castle Hill,"Super Centre North, Building - Shop 2/18 Victoria Ave, Castle Hill NSW 2154, Australia ",https://www.plusfitness.com.au/gyms/castle-hill/?utm_source=google&utm_medium=organic&utm_campaign=place-business-listing,"7XFG+9Q Castle Hill, New South Wales, Australia",-33.7265116,150.97692
Quick & Clean Hand Carwash,"572 Hume Hwy, Casula NSW 2170, Australia ",,"2WX3+MQ Casula, New South Wales, Australia",-33.950771,150.9043996
Star Car Wash - Casula Mall,"Casula Mall, 1 Ingham Dr, Casula NSW 2170, Australia ",https://www.starcarwash.com.au/centres/casula-mall/?utm_source=google&utm_medium=organic&utm_campaign=gmb-listing,"3V2X+PW Casula, New South Wales, Australia",-33.948237,150.8998298
Black & White Mobile Carwash & Detailing,"25 Nettletree Pl, Casula NSW 2170, Australia ",,"2VXM+3V Casula, New South Wales, Australia",-33.9523706,150.8847209
xtremeshinez,"Casula Rd, Casula NSW 2170, Australia ",,"2WX3+PP Casula, New South Wales, Australia",-33.9506569,150.9043244
Supreme Detailing & Tinting,"515 Hume Hwy, Casula NSW 2170, Australia ",http://www.sydneymobilecardetailing.com.au/,"3W46+C6 Casula, New South Wales, Australia",-33.9439332,150.9105116
Clean Finish Detailing,"Casula NSW 2170, Australia ",http://www.cleanfinishdetailing.com.au/,"2WX3+PQ Casula, New South Wales, Australia",-33.9506352,150.9044521
bp Truckstop,"615-617 Hume Hwy, Casula NSW 2170, Australia ",https://map.bp.com/en-AU/AU/gas-station/casula/bp-casula-pine-ave-hume-hwy/2216,"2VVV+WW Casula, New South Wales, Australia",-33.9552315,150.894861
A1 Carwash,"68-70 Hoxton Park Rd, Liverpool NSW 2170, Australia ",,"3WC5+QJ Liverpool, New South Wales, Australia",-33.928026,150.90911
Professor Dets Mobile Detailer,"Stead Pl, Casula NSW 2170, Australia ",https://www.instagram.com/professordets?igsh=MTlra2RoNXh3dmNxaA==,"2WQ2+99 Casula, New South Wales, Australia",-33.9615331,150.9009497
Complete Carwash Supplies,"12 Enterprise Cct, Prestons NSW 2170, Australia ",https://completecarwashsupplies.com.au/,"3V6P+PC Prestons, New South Wales, Australia",-33.9381893,150.8860613
Car Wash,"Casula NSW 2170, Australia ",,"2VVW+X3 Casula, New South Wales, Australia",-33.95507,150.8951486
One World Hand Car Wash & Cafe,"358 Hoxton Park Rd, Prestons NSW 2170, Australia ",http://www.oneworldcarwash.com.au/,"3VCJ+MH Prestons, New South Wales, Australia",-33.9282712,150.8813822
Wash 2 Go,"Casula NSW 2170, Australia ",,"2VVW+X3 Casula, New South Wales, Australia",-33.9550943,150.8951314
Car Wash Cafe,"1/96 Hoxton Park Rd, Liverpool NSW 2170, Australia ",,"3WC4+WC Liverpool, New South Wales, Australia",-33.9276591,150.9061172
Infinity Detailing Studio,"Dalmeny Dr, Prestons NSW 2170, Australia ",https://www.infinitydetailingstudio.com.au/,"3V3C+FJ Prestons, New South Wales, Australia",-33.9463087,150.8715108
Fast & Fabulous wash and detailing mobile services,"49 Scythe Ave, Austral NSW 2179, Australia ",,"3RMF+QQ Austral, New South Wales, Australia",-33.9155082,150.8243909
Greaze Detailing,"4 Moonah Cl, West Hoxton NSW 2171, Australia ",,"3RFW+63 West Hoxton, New South Wales, Australia",-33.926914,150.8452402
PinPoint Car Detailing,"Flint Cl, West Hoxton NSW 2171, Australia ",http://ppcd.com.au/,"3R5Q+FF West Hoxton, New South Wales, Australia",-33.9413639,150.838636
CarLovers Car Wash,"193 Wilson Rd, Green Valley NSW 2168, Australia ",https://m.facebook.com/profile.php?id=100092009836880,"3VV8+6C Green Valley, New South Wales, Australia",-33.9068969,150.8660411
Art of Detail - Detailing Studio,"Prestons NSW 2170, Australia ",,"3V4J+7W Prestons, New South Wales, Australia",-33.9443615,150.882356
Aram Detailing,"Unit 29/10 Yato Rd, Prestons NSW 2170, Australia ",http://aramdetailing.com.au/,"3V6C+M5 Prestons, New South Wales, Australia",-33.9383057,150.8703881
Speedway Casula,"572-576 Hume Hwy, Casula NSW 2170, Australia ",,"2WX3+MQ Casula, New South Wales, Australia",-33.9508592,150.9044618
Pristine The Ultimate Car Wash,"Unit 312/314 Hume Hwy, Liverpool NSW 2170, Australia ",,"3W99+X7 Liverpool, New South Wales, Australia",-33.9300342,150.9181822
All Detailing Services,"108 Bigge St, Liverpool NSW 2170, Australia ",http://www.alldetailingservices.com.au/,"3WJH+24 Liverpool, New South Wales, Australia",-33.9199174,150.9277931
Prestige Detailing Sydney,"Webber Cct, Bardia NSW 2565, Australia ",https://prestigedetailingsydney.com.au/,"2VF9+R9 Bardia, New South Wales, Australia",-33.9754159,150.8684837
Bubble Time Car Wash And Cafe,"219 Hoxton Park Rd, Cartwright NSW 2168, Australia ",,"3VFR+6F Cartwright, New South Wales, Australia",-33.9269372,150.8912033
Southwest mobile detailing,"Bunbury Rd, Macquarie Fields NSW 2564, Australia ",,"2V5J+JJ Macquarie Fields, New South Wales, Australia",-33.9909644,150.8815547
Star Car Wash - Westfield Liverpool,"Bathurst St, Liverpool NSW 2170, Australia ",https://www.starcarwash.com.au/centres/liverpool/?utm_source=google&utm_medium=organic&utm_campaign=gmb-listing,"3WJC+JW Liverpool, New South Wales, Australia",-33.9183896,150.9223282
Jim‘s Car Wash & Acai Cafe,"76 Atchison Rd, Macquarie Fields NSW 2564, Australia ",,"2V9M+CH Macquarie Fields, New South Wales, Australia",-33.9813981,150.8839783
Snap Car Wash Edmondson Park,"Blue Car Park, Ed Square Shopping Centre Cnr Soldiers Parade and, Campbelltown Rd, Edmondson Park NSW 2174, Australia ",http://www.snapcarwash.com.au/,"2VH5+GJ Edmondson Park, New South Wales, Australia",-33.9711673,150.8590483
WaxedUp Detailing,"15 Deadman Rd, Moorebank NSW 2170, Australia ",https://www.instagram.com/waxedup_detailing/?utm_source=ig_web_button_share_sheet&igshid=OGQ5ZDc2ODk2ZA==,"3W8P+RM Moorebank, New South Wales, Australia",-33.9329248,150.936643
My VIP Carwash,"Red Myer carparking, Level 4/25 Campbell St, Liverpool NSW 2170, Australia ",https://www.myvipcarwash.com.au/,"3WJG+PR Liverpool, New South Wales, Australia",-33.9181874,150.9270467
GlossLab Automotive Detailing,"Unit 1/6 Heald Rd, Ingleburn NSW 2565, Australia ",https://glosslab.co/,"XVX4+49 Ingleburn, New South Wales, Australia",-34.0022392,150.8558921
Elite Mobile Detailing,"Townview Rd, Mount Pritchard NSW 2170, Australia ",http://www.instagram.com/elitedetailingg,"4W29+HV Mount Pritchard, New South Wales, Australia",-33.8985126,150.9197099
Auto spa detailing,"21 Northumberland St, Liverpool NSW 2170, Australia ",,"3WMF+57 Liverpool, New South Wales, Australia",-33.9171008,150.9231555
Metro Self Serve Carwash,"20 Smidmore St, Marrickville NSW 2204, Australia ",http://www.marrickvillemetro.com.au/,"35RC+QV Marrickville, New South Wales, Australia",-33.908086,151.1721824
Diamond Auto Detailing - Mobile Car Detailing and Polishing services,"serves Sydney area's and surroundings area's, Liverpool NSW 2170, Australia ",,"3WCC+V6 Liverpool, New South Wales, Australia",-33.9277733,150.9205344
Sleek Professional Mobile Detailing,"97b Nineteenth Ave, Hoxton Park NSW 2171, Australia ",,"3V94+69 Hoxton Park, New South Wales, Australia",-33.931906,150.8559484
Grove Detailing,"2 Beddington Ct, Wattle Grove NSW 2173, Australia ",,"2WQW+29 Wattle Grove, New South Wales, Australia",-33.9624928,150.945921
Next Gen mobile detailing,"24 Rosemount Dr, Catherine Field NSW 2557, Australia ",https://nextgenmobiledetailing.com.au/homepage-booking/,"XQQ7+3M Catherine Field, New South Wales, Australia",-34.0123232,150.7641305
Exotics Garage,"Newgate Blvd, Elizabeth Hills NSW 2171, Australia ",http://www.exoticsgarage.com.au/,"4R2V+GX Elizabeth Hills, New South Wales, Australia",-33.898719,150.8448942
V8 Hand Carwash,"Carnes Hill NSW 2171, Australia ",,"3R6V+QW Carnes Hill, New South Wales, Australia",-33.9380168,150.844857
Pro Touch Detail,"27 Sanananda Rd, Bardia NSW 2565, Australia ",http://www.protouchdetail.com.au/,"2VF7+H2 Bardia, New South Wales, Australia",-33.9760488,150.8626168
SPITFIRE AUTOSTYLE,"Sergeant St, Edmondson Park NSW 2174, Australia ",http://www.spitfireautostyle.com.au/,"2VH5+FH Edmondson Park, New South Wales, Australia",-33.9712589,150.8589762
Setho’s Detailing,"4 Pinnacle St, Sadleir NSW 2168, Australia ",,"3VMV+48 Sadleir, New South Wales, Australia",-33.9171569,150.8933089
Detail Don,"43 Port Hedland Rd, Edmondson Park NSW 2174, Australia ",,"2VQC+X3 Edmondson Park, New South Wales, Australia",-33.9601059,150.8702267
District29 Automotive,"29 Helles Ave, Moorebank NSW 2170, Australia ",,"3W6C+FJ Moorebank, New South Wales, Australia",-33.9388191,150.9215985
Frontline Auto Detailing,"2/111 Junction Rd, Moorebank NSW 2170, Australia ",,"3W6R+Q5 Moorebank, New South Wales, Australia",-33.9381025,150.9404723
EMZ Auto Detailing,"26 Benjamin Rd, Mount Pritchard NSW 2170, Australia ",,"3WX5+X5 Mount Pritchard, New South Wales, Australia",-33.900013,150.9079407
Advanced Mobile Truck Wash,"Jedda Rd, Prestons NSW 2170, Australia ",http://www.advancedmobiletruckwash.com.au/,"3V8H+GP Prestons, New South Wales, Australia",-33.933654,150.879263
Detailingat133,"133 Sixteenth Ave, Austral NSW 2179, Australia ",,"3RM9+G5 Austral, New South Wales, Australia",-33.916214,150.8179133
Car Wash,"Victoria Rd, Macquarie Fields NSW 2564, Australia ",,"2V7V+WC Macquarie Fields, New South Wales, Australia",-33.9851823,150.8935222
V8 Hand Car Wash,"Macquarie Fields NSW 2564, Australia ",https://br-fr.facebook.com/v8carwashglenquarie/,"2V7V+R2 Macquarie Fields, New South Wales, Australia",-33.9853806,150.8925431
Chemist Warehouse Casula DC,"Crossroads Homemaker Centre, Tenancy 15/5 Parkers Farm Pl, Casula NSW 2170, Australia ",https://www.chemistwarehouse.com.au/,"2VRJ+7R Casula, New South Wales, Australia",-33.9592644,150.8820173
The Detail Freak,"33/35 Scrivener St, Warwick Farm NSW 2170, Australia ",,"3WJP+9P Warwick Farm, New South Wales, Australia",-33.9191043,150.9368041
Coles Casula,"Kurrajong Rd, Casula NSW 2170, Australia ",http://www.coles.com.au/find-stores/coles/nsw/casula-908,"3V3X+2P Casula, New South Wales, Australia",-33.9474394,150.8993257
Kmart Casula,"1 Ingham Dr, Casula NSW 2170, Australia ",https://www.kmart.com.au/store-detail/Kmart+Casula?utm_source=google&utm_medium=organic&utm_campaign=googleplaces&utm_content=kmart+casula,"3V2X+QV Casula, New South Wales, Australia",-33.9480532,150.8997023
Rain Automotive,"198 Fifteenth Ave, West Hoxton NSW 2171, Australia ",,"3RHJ+FJ West Hoxton, New South Wales, Australia",-33.9212968,150.8316066
Top Shine car wash,"2/111 Junction Rd, Moorebank NSW 2170, Australia ",,"3W6R+Q5 Moorebank, New South Wales, Australia",-33.9381025,150.9404723
Softwash,"Elizabeth Dr, Abbotsbury NSW 2176, Australia ",,"4V88+J9 Abbotsbury, New South Wales, Australia",-33.8834836,150.8659211
Shell Reddy Express Casula,"629-631 Hume Hwy, Casula NSW 2170, Australia ",https://www.reddyexpress.com.au/stores?utm_source=gmb&utm_medium=yext&utm_campaign=2028,"2VVV+M4 Casula, New South Wales, Australia",-33.9558278,150.8927929
Auto Redirect Page,"28a Williamson Rd, Ingleburn NSW 2565, Australia ",,"2V55+FC Ingleburn, New South Wales, Australia",-33.9913527,150.8585432
Shell,"650-652 Hoxton Park Rd, Hoxton Park NSW 2171, Australia ",https://find.shell.com/au/fuel/10110856-shell-coles-express-hoxton-park/en_AU,"3RFX+VP Hoxton Park, New South Wales, Australia",-33.925332,150.8492995
Supercheap Auto Casula,"Shop 14 Parkers Farm Pl, Casula NSW 2170, Australia ",https://www.supercheapauto.com.au/stores/details/sca-casula?utm_source=google&utm_medium=organic&utm_campaign=gbpm-casula,"2VRM+85 Casula, New South Wales, Australia",-33.959208,150.8829347
Express Car Wash Kincumber,"18 Willesee Cres, Kincumber NSW 2251, Australia ",http://expresscarwashkincumber.com.au/,"G9JJ+RM Kincumber, New South Wales, Australia",-33.467928,151.381741
Woolworths Casula,"607 Hume Hwy, Casula NSW 2170, Australia ",https://www.woolworths.com.au/shop/storelocator/nsw-casula-1138?utm_source=google&utm_medium=organic&utm_campaign=googleplaces,"2VWW+8Q Casula, New South Wales, Australia",-33.9541667,150.8969444
Rexpro Detailing,"5 Gardenia Pl, Macquarie Fields NSW 2564, Australia ",http://rexprodetail.com/,"2V3W+8F Macquarie Fields, New South Wales, Australia",-33.9966813,150.8962399
IMO Car Wash,"2 Raintree Way, Mount Annan NSW 2567, Australia ",https://www.imocarwash.com/au/car-washes/mt-annan-new-south-wales/mt-annan-car-wash/?y_source=1_MTIyNzE3NDMtNzE1LWxvY2F0aW9uLndlYnNpdGU%3D,"XQ24+GC Mount Annan, New South Wales, Australia",-34.0487202,150.7560156
Impulse Hand Car Wash And Detailing Centre,"807 Pacific Hwy, Gordon NSW 2072, Australia ",https://impulsehandcarwash.com.au/,"64XX+4W Gordon, New South Wales, Australia",-33.7521978,151.1497867
mycar Tyre & Auto Casula,"Arwon Ave, Casula NSW 2170, Australia ",https://www.mycar.com.au/stores/nsw/casula?utm_source=google-business-profile&utm_medium=organic&utm_campaign=gbp-website&utm_content=casula,"3V2X+QQ Casula, New South Wales, Australia",-33.9480754,150.8994402
One World Integrated,"230 Macquarie St, Liverpool NSW 2170, Australia ",http://oneworldintegrated.com.au/,"3WGF+VH Liverpool, New South Wales, Australia",-33.9228199,150.923997
Snap Car Wash Narellan Town Centre (North),"326 Camden Valley Wy, Narellan NSW 2567, Australia ",http://www.snapcarwash.com.au/,"XP6P+38 Narellan, New South Wales, Australia",-34.0398098,150.7357998
Impulse Hand Car Wash,"Crossroads, Shop 105/25 Parkers Farm Pl, Casula NSW 2170, Australia ",,"2VRJ+GH Casula, New South Wales, Australia",-33.9586928,150.8814162
Clearview Hand Car Wash Chatswood,"845 Pacific Hwy, Chatswood NSW 2067, Australia ",https://clearviewhandcarwash.com.au/,"654H+CV Chatswood, New South Wales, Australia",-33.7938951,151.1796939
Crystal Car Wash Chatswood,"315 Victoria Ave, Chatswood NSW 2067, Australia ",http://crystalcarwash.com/,"654Q+67 Chatswood, New South Wales, Australia",-33.7944224,151.1882476
Snap Car Wash Chatswood,"P1 Below Coles Level, 1 Anderson St, Chatswood NSW 2067, Australia ",https://snapcarwash.com.au/,"652M+PJ Chatswood, New South Wales, Australia",-33.7981774,151.1841099
Xtream Car Care Chatwood Chase,"B2 and GA Chatswood Chase, 345 Victoria Ave, Chatswood NSW 2067, Australia ",http://www.xtreamcarcare.com.au/,"654P+5C Chatswood, New South Wales, Australia",-33.7945603,151.186122
Premier Hand Car Wash,"1 Anderson St, Chatswood NSW 2067, Australia ",,"653M+45 Chatswood, New South Wales, Australia",-33.7972114,151.1828916
Snap Car Wash Chatswood Place,"260 Victoria Ave, Chatswood NSW 2067, Australia ",https://snapcarwash.com.au/,"653Q+P7 Chatswood, New South Wales, Australia",-33.7956897,151.1881824
Lane Cove Xtream Hand Car Wash & Detailing,"36 Longueville Rd, Lane Cove NSW 2066, Australia ",https://letsbook.shop/ni/store/jacks-prestige-carwash,"55PC+XW Lane Cove, New South Wales, Australia",-33.8125152,151.1722878
Pure Car Wash,"15 Help St, Chatswood NSW 2067, Australia ",,"653H+PG Chatswood, New South Wales, Australia",-33.795663,151.1787834
car care masters,"319 Mowbray Rd, Chatswood NSW 2067, Australia ",https://www.carcaremasters.com.au/?utm_source=google&utm_medium=wix_google_business_profile&utm_campaign=13704921142358065109,"55WM+V7 Chatswood, New South Wales, Australia",-33.8028266,151.1832378
Detailing Division,"33/35 Alleyne St, Chatswood NSW 2067, Australia ",https://www.racedivision.com.au/pages/detailing-division,"656X+GG Chatswood, New South Wales, Australia",-33.7887028,151.1988439
Sensha,"7 Railway St, Chatswood NSW 2067, Australia ",https://www.sensha.com.au/,,-33.7950006,151.180561
Gem Premium Hand Car Wash Waterloo,"Meriton Retail Precinct, Parking Level 1, Crescent St, Waterloo NSW 2017, Australia ",https://gempremiumhandcarwash.com.au/,"4627+WM Waterloo, New South Wales, Australia",-33.89764,151.2141467
Wax Car Wash,"375 Cleveland St, Redfern NSW 2016, Australia ",https://www.waxcarwash.com.au/,,-33.8914701,151.2112472
Fine Shine,"2/4 Defries Ave, Zetland NSW 2017, Australia ",http://www.fineshine.com.au/,,-33.905273,151.2129307
Pros Mobile Mechanic Sydney Carwash,"Glebe NSW 2037, Australia ",,,-33.8837862,151.1938764
Fine Shine Ceramic Coating,"Shop T66 2, 4 Defries Ave, Zetland NSW 2017, Australia ",https://ceramiccoating.sydney/,"36V7+V6 Zetland, New South Wales, Australia",-33.9052704,151.2130888
VCare Car Wash Dulwich Hill,"473 New Canterbury Rd, Dulwich Hill NSW 2203, Australia ",https://vcarecarwash.com.au/,,-33.9035764,151.1411908
Star Car Wash - Headquarter Office,"Unit 43/34 – 36 Ralph St, Alexandria NSW 2015, Australia ",https://www.starcarwash.com.au/,,-33.9186866,151.1972141
Budget Petrol Chippendale,"70 Regent St, Chippendale NSW 2008, Australia ",https://www.gascorp.com.au/,"4662+VM Chippendale, New South Wales, Australia",-33.8878193,151.2016919
VIP Car Detailing in Clovelly,"18 Fewings St, Clovelly NSW 2031, Australia ",http://www.vipcarcare.com.au/,"37Q4+FX Clovelly, New South Wales, Australia",-33.911361,151.257378
Crystal Car Wash Coogee,"6 Bream St, Coogee NSW 2034, Australia ",http://crystalcarwash.com/,"36MX+5H Coogee, New South Wales, Australia",-33.917124,151.2489779
Avoca Street Carwash,"107 Avoca St, Randwick NSW 2031, Australia ",https://avocastreetcarwash.com.au/,"36QV+6C Randwick, New South Wales, Australia",-33.9118993,151.2435329
Bp Randwick car wash,"8/10 Perouse Rd, Randwick NSW 2031, Australia ",https://www.bp.com/en_au/australia/home/who-we-are/find-your-nearest-bp.html,"36JR+CV Randwick, New South Wales, Australia",-33.9189379,151.2422252
Randwick Petroleum,"88 Clovelly Rd, Randwick NSW 2031, Australia ",,"36RX+8F Randwick, New South Wales, Australia",-33.9091451,151.2486566
Crystal Car Wash Coogee,"6 Bream St, Coogee NSW 2034, Australia",http://crystalcarwash.com/,"36MX+5H Coogee, New South Wales, Australia",-33.917124,151.2489779
Snap Car Wash Woolooware (Bay Central - Level P2 Car Park),"Car Park, Level P2/453a Captain Cook Dr, Woolooware NSW 2230, Australia ",https://www.snapcarwash.com.au/,,-34.0384451,151.1429673
Sak’s Mobile Detailing,"Cronulla St, Cronulla NSW 2230, Australia ",https://www.facebook.com/sakmobiledetailing/,"W5W2+5R Cronulla, New South Wales, Australia",-34.0545263,151.1520555
GG Car Cleaning,"Woolooware Rd, Burraneer NSW 2230, Australia ",https://ggcarcleaning.wixsite.com/gg-car-cleaning,"W4RQ+MP Burraneer, New South Wales, Australia",-34.0582663,151.139278
Ultimate Auto Detailing,"57 Woolooware Rd, Woolooware NSW 2230, Australia ",http://www.detailing.com.au/,"X42R+JC Woolooware, New South Wales, Australia",-34.048468,151.1410706
Timezone Cronulla,"126-128 Cronulla St, Cronulla NSW 2230, Australia ",https://www.timezonegames.com/en-au/locations?utm_content=Timezone%20Cronulla&utm_campaign=google_my_business&utm_medium=organic&utm_source=googlemybusiness&utm_term=plcid_11509287630032541040,"W5V2+WV Cronulla, New South Wales, Australia",-34.055215,151.1521713
bp,"Kingsway &, Wilbar Ave, Cronulla NSW 2230, Australia ",https://map.bp.com/en-AU/AU/gas-station/cronulla/bp-cronulla/0821,"W5X2+J8 Cronulla, New South Wales, Australia",-34.050992,151.1507601
All Washed Up,"57 Elouera Rd, Cronulla NSW 2230, Australia ",,"X544+77 Cronulla, New South Wales, Australia",-34.04426,151.1557048
Lugarno Cafe Car Wash,"1052 Forest Rd, Lugarno NSW 2210, Australia ",https://www.lugarnocafecarwash.com.au/,"22CW+VP Lugarno, New South Wales, Australia",-33.9778597,151.0468535
Star Car Wash - Westfield Miranda Jackson Ave,"Blue Car Parkk 600 THE KINGSWAY ENTER VIA, Westfield Miranda, Level G1 Jackson Ave, Miranda NSW 2228, Australia ",https://www.starcarwash.com.au/centres/miranda-jackson/?utm_source=google&utm_medium=organic&utm_campaign=gmb-listing,"X473+RG Miranda, New South Wales, Australia",-34.0354118,151.1038489
One World Hand Car Wash & Cafe,"30 Cabarita Rd, Concord NSW 2137, Australia ",https://www.oneworldcarwash.com.au/,"44X5+C9 Concord, New South Wales, Australia",-33.8514458,151.10838
Benzin Motorsports,"U22/7 Production Rd, Taren Point NSW 2229, Australia ",https://benzinmotorsports.com.au/,"X4HG+G7 Taren Point, New South Wales, Australia",-34.0211637,151.1257476
Crystal,"1010 King Georges Rd, Blakehurst NSW 2221, Australia ",http://www.crystalcarwash.com/,"2476+4J Blakehurst, New South Wales, Australia",-33.9871299,151.1115808
Crystal Car Wash,"464 Rocky Point Rd, Sans Souci NSW 2219, Australia ",http://www.crystalcarwash.com/,"245M+R9 Sans Souci, New South Wales, Australia",-33.9904651,151.1334799
