Name,Address,Website,Plus-code,lat,lon
Banksia Grove Car Wash,"1001 Joondalup Dr, Banksia Grove WA 6031, Australia ",https://coltwash.au/,"7RV2+9C Banksia Grove, Western Australia, Australia",-31.7065225,115.8010094
CARE HAND CAR WASH,"Dianella Plaza, Shop CP001/366 Grand Promenade, Dianella WA 6059, Australia ",http://www.carecarwash.au/,"4V3C+X7 Dianella, Western Australia, Australia",-31.8951202,115.8706255
Washworks Midvale,"Morrison Rd, Midvale WA 6056, Australia ",http://washworks.com.au/,"427J+8M Midvale, Western Australia, Australia",-31.8866981,116.0317166
Starlight Hand Car Wash,"34 Rudloc Rd, Morley WA 6062, Australia ",http://starlightservices.com.au/,"3VXX+RG Morley, Western Australia, Australia",-31.9004267,115.8987739
The Wash Factory Welshpool,"36 Welshpool Rd, Welshpool WA 6106, Australia ",https://thewashfactory.com.au/,"2W49+FM Welshpool, Western Australia, Australia",-31.993848,115.9192298
bp Car Wash,"102 Mill Point Rd, South Perth WA 6151, Australia ",,"2VG2+WM South Perth, Western Australia, Australia",-31.9727161,115.851745
Impeccable Hand Car Wash & Detailing,"55 Salvado Rd, Subiaco WA 6008, Australia ",http://www.impeccablehandcarwash.com.au/,,-31.9439782,115.8200725
The Wash Factory Dianella,"Walter Rd W, Dianella WA 6059, Australia ",https://thewashfactory.com.au/car-wash-dianella/,"3VVM+J2 Dianella, Western Australia, Australia",-31.9059684,115.8825298
Star Car Wash - Westfield Innaloo,"Westfield Innaloo (level 1 car park near Kmart Service Centre) cnr Scarborough Beach Road &, Ellen Stirling Blvd, Innaloo WA 6021, Australia ",https://www.starcarwash.com.au/centres/innaloo/?utm_source=google&utm_medium=organic&utm_campaign=gmb-listing,"3QXX+FQ Innaloo, Western Australia, Australia",-31.9013229,115.7993963
Washworks Canning Vale,"265 Bannister Rd, Canning Vale WA 6155, Australia ",https://washworks.com.au/washclub.html,"WVHR+7R Canning Vale, Western Australia, Australia",-32.0717692,115.8921103
Osborne Park Car Wash,"4 Parkland Rd, Osborne Park WA 6017, Australia ",https://opcarwash.com/,"3RM9+6C Osborne Park, Western Australia, Australia",-31.916879,115.8185495
Caltex Car Wash,"265 Great Eastern Hwy, Burswood WA 6100, Australia ",,"2WQ2+RP Burswood, Western Australia, Australia",-31.9604103,115.9018134
IMO Car Wash,"156-170 Gnangara Rd, Landsdale WA 6065, Australia ",https://www.imocarwash.com/au/car-washes/landsdale-western-australia/landsdale-car-wash/?y_source=1_MTIyNzE1NDItNzE1LWxvY2F0aW9uLndlYnNpdGU%3D,"5RWP+48 Landsdale, Western Australia, Australia",-31.8046588,115.8357543
Geowash Joondalup Gate Hand Car Wash,"(Next to Shell Service Station), 57 Joondalup Dr, Edgewater WA 6027, Australia ",http://geowash.com.au/,"6QJH+4H Edgewater, Western Australia, Australia",-31.7697418,115.7788759
Megashine Car Detailing,"332 Wharf St, Queens Park WA 6107, Australia ",,"2X22+4P Queens Park, Western Australia, Australia",-31.9997174,115.951826
"Silver Sponge Hand Car Wash, East Victoria Park","789 Albany Hwy, East Victoria Park WA 6101, Australia ",https://silversponge.com.au/,"2W82+4W East Victoria Park, Western Australia, Australia",-31.9846855,115.9023479
Jetwash,"Lawley St, Yokine WA 6060, Australia ",,"3RXR+XV Yokine, Western Australia, Australia",-31.9000189,115.8422006
Fabulous Car Care,"57 Joondalup Dr, Edgewater WA 6027, Australia ",https://fabulouszdxi.setmore.com/beta,"6QJH+6H Edgewater, Western Australia, Australia",-31.7694546,115.7789361
Palladium Auto Detailing,"222 Railway Parade, Queens Park WA 6107, Australia ",https://www.palladiumautodetailing.com.au/,"XWQV+7F Queens Park, Western Australia, Australia",-32.0118605,115.9436747
PERTH CAR CARE PVT LTD,"35 Port Kembla Dr, Bibra Lake WA 6163, Australia ",,"VRX2+GV Bibra Lake, Western Australia, Australia",-32.1011875,115.8021359
Bubbles Car Wash,"7 Capital Rd, Malaga WA 6090, Australia ",,"5V2H+VC Malaga, Western Australia, Australia",-31.8478693,115.8785434
Aqua Valet Car Wash Langford,"230 Nicholson Rd, Langford WA 6147, Australia ",http://www.aquavalet.com.au/,"XW3J+3X Langford, Western Australia, Australia",-32.0472947,115.9324329
Qleen Mobile Detailing,"Unit 95/150 Mill Point Rd, South Perth WA 6151, Australia ",http://www.qleen.com.au/,"2VG4+6G South Perth, Western Australia, Australia",-31.9744218,115.8563367
Champ Car Mobile Detailing,"867 Beaufort St, Inglewood WA 6052, Australia ",https://champcardetailing.com.au/,"3VHM+4R Inglewood, Western Australia, Australia",-31.9221998,115.8845924
Southern River Superwash,"Furley Rd, Southern River WA 6110, Australia ",https://www.facebook.com/people/SouthernRiver-SuperWash/100054323628535/,"WW3P+86 Southern River, Western Australia, Australia",-32.0966536,115.9355632
BUFF MAN Exclusive Car Detailing,"20 Royal St, East Perth WA 6004, Australia ",http://www.thebuffman.com.au/,"2VWH+VQ East Perth, Western Australia, Australia",-31.95284,115.87948
Aqua Valet Car Wash Kelmscott,"2907 Albany Hwy, Kelmscott WA 6111, Australia ",http://www.aquavalet.com.au/,"V2J8+FF Kelmscott, Western Australia, Australia",-32.1187607,116.0161423
Kleen My Car,"Tudor Ave S, Riverton WA 6148, Australia ",https://www.kleenmycar.com.au/,"XV8V+HV Riverton, Western Australia, Australia",-32.0336046,115.8946521
Autoglo,"113 Essex St, Wembley WA 6014, Australia ",https://www.autoglo.com.au/?utm_source=Google&utm_medium=GMB&utm_campaign=organic+Search,"3R88+XC Wembley, Western Australia, Australia",-31.9325368,115.8161087
IMO Car Wash Perth Airport,"and, Lot 4, Corner of Dunreath Drive, Boud Ave, Perth Airport WA 6105, Australia ",https://imocarwash.com/au/car-washes/perth-airport/perth-car-wash/,"3X53+Q8 Perth Airport, Western Australia, Australia",-31.940598,115.9532864
Greenwood Super Wash,"37 Canham Way, Greenwood WA 6024, Australia ",,"5RH9+5W Greenwood, Western Australia, Australia",-31.8220462,115.8198394
IMO Car Wash,"33-35 Port Kembla Drive Port Kembla, 35 Port Kembla Dr, Bibra Lake WA 6163, Australia ",https://www.imocarwash.com/au/car-washes/bibra-lake-western-australia/bibra-car-wash/?y_source=1_MTIyNzE0MjgtNzE1LWxvY2F0aW9uLndlYnNpdGU%3D,"VRX2+HQ Bibra Lake, Western Australia, Australia",-32.1010909,115.8019459
Iron Car Detailing,"14/5 Rowallan St, Osborne Park WA 6017, Australia ",http://www.ironcardetailing.com.au/?utm_source=google&utm_medium=wix_google_business_profile&utm_campaign=13983277424936864351,"3RQG+92 Osborne Park, Western Australia, Australia",-31.9116223,115.8251069
Claremont Car Wash,"232 Stirling Hwy, Claremont WA 6010, Australia ",,"2Q9Q+45 Claremont, Western Australia, Australia",-31.98219,115.78796
Silver Sponge Hand Car Wash Mirrabooka Square,"43 Yirrigan Dr, Mirrabooka WA 6061, Australia ",https://silversponge.com.au/,"4VH7+32 Mirrabooka, Western Australia, Australia",-31.87231,115.8625691
Ambassador Car Care,"19A Halley Rd, Balcatta WA 6021, Australia ",http://www.ambassadorcarcare.com.au/,"4RQG+FC Balcatta, Western Australia, Australia",-31.8612936,115.826076
bp Car Wash,"419 Great Eastern Hwy, Redcliffe WA 6104, Australia ",https://www.bp.com/en_au/australia/home/who-we-are/find-your-nearest-bp/find-your-nearest-bp-car-wash.html,"3W9V+VX Redcliffe, Western Australia, Australia",-31.9303359,115.9449772
Puma Car Wash,"Thirlmere Rd, Mount Lawley WA 6050, Australia ",,"3V8M+5G Mount Lawley, Western Australia, Australia",-31.9345712,115.8838344
Star Car Wash - Westfield Carousel,"Westfield Carousel, 1382 Albany Hwy, Cannington WA 6107, Australia ",https://www.starcarwash.com.au/centres/carousel/?utm_source=google&utm_medium=organic&utm_campaign=gmb-listing,"XWHQ+5V Cannington, Western Australia, Australia",-32.0220098,115.9396353
bp Car Wash,"Lot 12 Wanneroo Rd, Yokine WA 6060, Australia ",https://www.bp.com/en_au/australia/home/who-we-are/find-your-nearest-bp/find-your-nearest-bp-car-wash.html,"3RQW+FP Yokine, Western Australia, Australia",-31.9112821,115.846839
Blackhawk Truck Wash,"C6/20 Tarlton Cres, Perth Airport WA 6105, Australia ",https://www.facebook.com/blackhawkwash,"2XJC+W3 Perth Airport, Western Australia, Australia",-31.9676426,115.9701269
Midland Shine Hand Car Wash & Detailing,"2 Farrall Rd, Midvale WA 6056, Australia ",http://midlandshine.com.au/,"424M+45 Midvale, Western Australia, Australia",-31.894625,116.0329333
Impeccable Hand Car Wash & Detailing,"343 Canning Hwy, Palmyra WA 6157, Australia ",http://www.impeccablehandcarwash.com.au/,"XQ7P+F7 Palmyra, Western Australia, Australia",-32.03636,115.78567
"Silver Sponge Hand Car Wash, Claremont Quarter","Basement Level Car Park, Clarement Quarter, Divers Link, Claremont WA 6010, Australia ",http://silversponge.com.au/,"2Q9H+3C Claremont, Western Australia, Australia",-31.9823301,115.7785031
Rhino Wash,"Hampton Rd &, Culver St, Fremantle WA 6162, Australia ",http://www.rhinocarwash.com.au/contact-us/,"WQG6+59 Fremantle, Western Australia, Australia",-32.0745868,115.7608932
Star Car Wash - Westfield Whitford City,"Westfield Whitford City Shopping Centre Cnr Marmion Ave &, Whitfords Ave, Hillarys WA 6025, Australia ",https://www.starcarwash.com.au/centres/whitford-city/?utm_source=google&utm_medium=organic&utm_campaign=gmb-listing,"6Q32+6Q Hillarys, Western Australia, Australia",-31.7969265,115.7518836
Deluxe Detailing and Paint Protection,"U8 105/107 President St, Welshpool WA 6106, Australia ",http://www.deluxedetailing.com.au/,"2W8H+HV Welshpool, Western Australia, Australia",-31.9836112,115.929638
bp Car Wash,"Orrong Rd, Carlisle WA 6101, Australia ",,"2WH9+3G Carlisle, Western Australia, Australia",-31.9722737,115.9188225
LUXSKY Detailing & CarWash,"1 Coolgardie St, West Perth WA 6005, Australia ",,"3R2X+C3 West Perth, Western Australia, Australia",-31.9489778,115.8476939
A-Spa Hand Car Wash and Detailing,"Undercroft Parking Area, Hawaiin’s Melville Shopping Hub, 380 Canning Hwy, Bicton WA 6107, Australia ",http://www.a-spahandcarwash.com.au/,"XQ8R+CH Bicton, Western Australia, Australia",-32.0339645,115.7913786
Laser Wash Touch Free,"Albany Hwy, Bentley WA 6102, Australia ",,"XWW9+XP Bentley, Western Australia, Australia",-32.0025584,115.9192637
Concierge Car Wash - Lakeside Joondalup Shopping City 1,"420 Joondalup Dr, Joondalup WA 6027, Australia ",https://conciergecarwash.com.au/,"7Q47+4X Joondalup, Western Australia, Australia",-31.7447477,115.7649819
Silver Sponge Hand Car Wash Flinders Square,"30 Wiluna St, Yokine WA 6060, Australia ",https://silversponge.com.au/?utm_source=google&utm_medium=local&utm_campaign=gmb_listing,"3RRX+8M Yokine, Western Australia, Australia",-31.9092414,115.8491592
Class Care Auto Mobile Detailing,"Rundal St, Bayswater WA 6053, Australia ",http://classcaredetailing.com/,"4W2H+8V Bayswater, Western Australia, Australia",-31.8992432,115.9296583
LEVEL UP Detailing Perth,"112 Hazelmere Circus, Hazelmere WA 6055, Australia ",,"3XPV+WH Hazelmere, Western Australia, Australia",-31.9127153,115.9938908
Silver Sponge Hand Car Wash Forrestfield,"20 Strelitzia Ave, Forrestfield WA 6058, Australia ",https://silversponge.com.au/,"2275+25 Forrestfield, Western Australia, Australia",-31.987487,116.0079491
bp,"cnr East Parade &, Kensington St, East Perth WA 6004, Australia ",https://map.bp.com/en-AU/AU/gas-station/east-perth/bp-east-perth/5365,"2VXG+PJ East Perth, Western Australia, Australia",-31.9506822,115.8765128
"Silver Sponge Hand Car Wash, Karrinyup - East","B1 East Car Park, Karrinyup Shopping Centre, 200 Karrinyup Rd, Karrinyup WA 6018, Australia ",https://silversponge.com.au/?utm_source=google&utm_medium=local&utm_campaign=gmb_listing,"4QCJ+W9 Karrinyup, Western Australia, Australia",-31.8776696,115.7809768
Perth Mobile Car Care,"7B Pembroke Rd, Wangara WA 6065, Australia ",https://www.perthmobilecarcare.com.au/,"6R39+38 Wangara, Western Australia, Australia",-31.7973279,115.8182789
Trendy Care Car Detailing,"320B Wharf St, Queens Park WA 6107, Australia ",,"XXX2+R7 Queens Park, Western Australia, Australia",-32.0004378,115.9507144
Melville Car and Dog Wash,"585 Canning Hwy, Alfred Cove WA 6154, Australia ",https://melvillecarwash.com.au/,"XR97+CW Alfred Cove, Western Australia, Australia",-32.0313989,115.8148733
Concierge Car Wash,"1382 Albany Hwy, Cannington WA 6107, Australia ",https://conciergecarwash.com.au/locations/wa/westfield-carousel-hand-car-wash/,"XWMQ+75 Cannington, Western Australia, Australia",-32.0168566,115.9379717
W.A. Gutter Replacement Perth,"101 St Georges Terrace, Perth WA 6000, Australia ",,"2VV4+WQ Perth, Western Australia, Australia",-31.955218,115.8569835
Car Wash,"Cannington WA 6107, Australia ",,"XWJP+X2 Cannington, Western Australia, Australia",-32.0175145,115.9351036
ExtraMile Mobile Detailing,"159 Fairway, Crawley WA 6009, Australia ",https://www.extramilemobiledetailing.com.au/,"2R78+27 Crawley, Western Australia, Australia",-31.9874818,115.8156559
Washworks Truck Wash,"275 Bannister Rd, Canning Vale WA 6155, Australia ",,"WVGR+F4 Canning Vale, Western Australia, Australia",-32.0737609,115.8902969
Super Soakers Car Wash & Dog Wash,"398 South St, O'Connor WA 6163, Australia ",https://www.supersoakerscarwash.com.au/,"WRP3+25 O'Connor, Western Australia, Australia",-32.0649839,115.8029489
Concierge Car Wash - Lakeside Joondalup Shopping City 2,"CW2/420 Joondalup Dr, Joondalup WA 6027, Australia ",https://conciergecarwash.com.au/,"7Q39+P9 Joondalup, Western Australia, Australia",-31.7456575,115.7684946
Star Car Wash - Cockburn Gateway,"Cockburn Gateway Shopping Centre (underground Carpark, 816 Beeliar Dr, Success WA 6164, Australia ",https://www.starcarwash.com.au/centres/cockburn-gateway/?utm_source=google&utm_medium=organic&utm_campaign=gmb-listing,"VV94+CX Success, Western Australia, Australia",-32.1313801,115.8573984
Diy Car Wash,"113 Ellersdale Ave, Warwick WA 6024, Australia ",,"5R56+3G Warwick, Western Australia, Australia",-31.8423241,115.8112581
Concierge Car Wash,"Whitfords Ave, Hillarys WA 6025, Australia ",https://conciergecarwash.com.au/locations/wa/westfield-whitford-hand-car-wash/,"6P2W+VP Hillarys, Western Australia, Australia",-31.797871,115.7468412
Real Shine Car Detailing,"4/231 Barrington St, Bibra Lake WA 6163, Australia ",http://www.realshine.com.au/,"VRM7+H6 Bibra Lake, Western Australia, Australia",-32.1160928,115.8130392
A1 Car Detailing WA,"4 Chokolich St, Wangara WA 6065, Australia ",,"6R58+V7 Wangara, Western Australia, Australia",-31.790292,115.8157134
Miraculous Auto Detailing,"3 James St, Gosnells WA 6110, Australia ",,"WX9W+24 Gosnells, Western Australia, Australia",-32.0824521,115.9953226
Ants Auto Detailing,"46 The Lakes Blvd, Jandakot WA 6164, Australia ",http://antsautodetailing.com.au/,"VVQ3+2F Jandakot, Western Australia, Australia",-32.112402,115.8536859
Executive Car Care WA,"44 Government Rd, Nedlands WA 6009, Australia ",http://www.eccwa.com.au/,"2QFV+V9 Nedlands, Western Australia, Australia",-31.9753158,115.7934193
Xtreme Auto Detailing,"32 Sinagra Way, Yangebup WA 6164, Australia ",https://www.xtremeautodetailing.com.au/contact,"VQHR+8W Yangebup, Western Australia, Australia",-32.1216912,115.7923034
"Silver Sponge Hand Car Wash, Booragoon","Car Park 1, Garden City Shopping Centre, Almondbury Rd, Booragoon WA 6154, Australia ",https://silversponge.com.au/?utm_source=google&utm_medium=local&utm_campaign=gmb_listing,"XR8P+MJ Booragoon, Western Australia, Australia",-32.0333063,115.8365431
White Diamond Hand Car Wash,"273-277 Parramatta Rd, Haberfield NSW 2045, Australia ",http://www.diamondwash.com.au/,,-33.8747742,151.1288807
Budget Petrol,"37 Crystal St, Petersham NSW 2049, Australia ",http://www.gascorp.com.au/,"4555+QF Petersham, New South Wales, Australia",-33.8905108,151.1586346
Goldenshine Car Wash.,"998 Botany Rd, Mascot NSW 2020, Australia ",https://goldenshine.com.au/,"359V+4F Mascot, New South Wales, Australia",-33.9321883,151.1937328
Royal car detailing,"6 Commercial Rd, Kingsgrove NSW 2208, Australia ",,"3462+42 Kingsgrove, New South Wales, Australia",-33.9397311,151.1000633
Rainbow Hand Car Wash & Cafe Drummoyne,"120 Victoria Rd, Drummoyne NSW 2047, Australia ",http://rainbowcarwashcafe.com/,"45W4+JR Drummoyne, New South Wales, Australia",-33.8533764,151.1571127
Gil’s Mobile Detailing,"14 Bellevue St, Surry Hills NSW 2010, Australia ",http://gilsmobiledetailing.com.au/,"4686+GP Surry Hills, New South Wales, Australia",-33.8836998,151.2117567
JK Car Wash,"53 Shaftesbury Rd, Burwood NSW 2134, Australia ",,"44F4+CR Burwood, New South Wales, Australia",-33.8764183,151.10708
Campsie hand carwash,"14/28 Amy St, Campsie NSW 2194, Australia ",,"34P3+X2 Campsie, New South Wales, Australia",-33.912557,151.1025088
The Detailer Mortlake,"Bennett Ln, Mortlake NSW 2137, Australia ",,"5454+22 Mortlake, New South Wales, Australia",-33.8424586,151.1050115
Alpine Autocare,"Contact for personal studio location, Platts Ave, Belmore NSW 2192, Australia ",https://www.fresha.com/book-now/alpine-autocare-fpov2riq/all-offer?id=1267318&pId=1202867,"33GV+VR Belmore, New South Wales, Australia",-33.9228484,151.0945862
Dog Wash,"37 Crystal St, Petersham NSW 2049, Australia ",,"4555+QG Petersham, New South Wales, Australia",-33.8906155,151.1588311
Correct Detailing- Best Vehicle Detailing Sydney,"347 Princes Hwy, St Peters NSW 2044, Australia ",https://www.correctdetailing.com.au/,"35MC+7R St Peters, New South Wales, Australia",-33.9167858,151.1720379
VIP Car Detailing in Clemton Park,"7 Liney Ave, Clemton Park NSW 2206, Australia ",http://www.vipcarcare.com.au/,"34F3+M4 Clemton Park, New South Wales, Australia",-33.92586,151.102866
Autohub Auto Detailing,"11 Argyle St, Wolli Creek NSW 2205, Australia ",http://www.autohubdetailing.com.au/,"3582+9M Wolli Creek, New South Wales, Australia",-33.9340183,151.151628
AUTO CAR WASH,"1 Canton St, Canterbury NSW 2193, Australia ",,"34M7+X5 Canterbury, New South Wales, Australia",-33.9150382,151.1128808
Earlwood Car Wash,"200 Homer St, Earlwood NSW 2206, Australia ",,"34FH+49 Earlwood, New South Wales, Australia",-33.9272205,151.1283906
WoW detailing studio,"2 Watermans Quay, Barangaroo NSW 2000, Australia ",https://wowdetailing.com.au/,"46P2+RR Barangaroo, New South Wales, Australia",-33.8629486,151.2021122
Shell,"213-253 Parramatta Road, Walker St, Five Dock NSW 2046, Australia ",https://find.shell.com/au/fuel/10110818-shell-coles-express-five-dock/en_AU,"44J7+2V Five Dock, New South Wales, Australia",-33.8699971,151.1147304
Summit Hand Car Wash & Detailing Centre Macarthur Square Shopping Centre,"Macarthur Square Shopping Centre, Kellicar Rd, Campbelltown NSW 2560, Australia ",https://www.summitcarwash.com.au/,"WQGW+48 Campbelltown, New South Wales, Australia",-34.074665,150.7957583
Paddington Auto Detailing,"56-58 Sutherland St, Paddington NSW 2021, Australia ",http://paddingtonautodetailing.com/?utm_source=google&utm_medium=wix_google_business_profile&utm_campaign=6827969449349459480,"468M+X8 Paddington, New South Wales, Australia",-33.8825717,151.2333705
Laurinda Car Detailing Pty Ltd,"10/137 Kings Rd, Five Dock NSW 2046, Australia ",https://www.laurindacardetailing.com.au/,"44J9+GW Five Dock, New South Wales, Australia",-33.8686365,151.1198678
AutoShinez,"Banks Ave, Pagewood NSW 2035, Australia ",http://autoshinez.com.au/,"368G+65 Pagewood, New South Wales, Australia",-33.9344494,151.2254522
Car Wash,"Franklin St, Matraville NSW 2036, Australia ",,"26QJ+PJ Matraville, New South Wales, Australia",-33.9607117,151.2316222
Avis Car Detailing,"Sutherland St, Mascot NSW 2020, Australia ",,"359X+5V Mascot, New South Wales, Australia",-33.9320615,151.1996775
Speedway petrol Earlwood,"200 Homer St, Earlwood NSW 2206, Australia ",,"34FH+6C Earlwood, New South Wales, Australia",-33.9269933,151.1285824
DATSIG Detailing & Coating,"142a Bexley Rd, Clemton Park NSW 2206, Australia ",http://www.datsigdetailingservices.com.au/,"34C5+QM Clemton Park, New South Wales, Australia",-33.9280695,151.1091381
DB's Detailing,"Belle Rose, unit 44 165/167 Rosedale Rd, St Ives NSW 2075, Australia ",https://dbsdetailing.com.au/,"7596+8C St Ives, New South Wales, Australia",-33.7316712,151.1610613
Star Car Wash - St Ives,"178 Mona Vale Rd, St Ives NSW 2075, Australia ",https://www.starcarwash.com.au/centres/st-ives/?utm_source=google&utm_medium=organic&utm_campaign=gmb-listing,"7595+VH St Ives, New South Wales, Australia",-33.7303461,151.158948
Famous Freddy’s Legendary Detail,"46 Alvona Ave, St Ives NSW 2075, Australia ",https://www.facebook.com/profile.php?id=61555206429973&mibextid=9R9pXO,"7577+4H St Ives, New South Wales, Australia",-33.7371687,151.163943
RC Detailing,"25 Surrey Rd, Turramurra NSW 2074, Australia ",,"74HV+7G Turramurra, New South Wales, Australia",-33.7218512,151.143756
Car Wash,"43 Epping Rd, Macquarie Park NSW 2113, Australia ",https://www.starcarwash.com.au/centres/macquarie-centre-1,"645J+GG Macquarie Park, New South Wales, Australia",-33.7912238,151.1312653
Mint Car Wash,"320 Lane Cove Rd, North Ryde NSW 2113, Australia ",http://www.mintcarwash.com.au/,"645C+23 North Ryde, New South Wales, Australia",-33.7924046,151.1202124
Mobile Shine Sydney,"166 Mona Vale Rd, St Ives NSW 2075, Australia ",https://www.facebook.com/profile.php?id=61559119942475,"75C5+3J St Ives, New South Wales, Australia",-33.7298085,151.1590724
Shell Reddy Express Pymble,"21 Ryde Rd, Pymble NSW 2073, Australia ",https://www.reddyexpress.com.au/stores?utm_source=gmb&utm_medium=yext&utm_campaign=1598,"64XV+6F Pymble, New South Wales, Australia",-33.7519349,151.1437382
Hydro Steam Car Wash And Spa,"246 Beecroft Rd, Epping NSW 2121, Australia ",,"63HJ+M6 Epping, New South Wales, Australia",-33.7708255,151.0805261
Awash Carcare Melrose Park,"1206 Victoria Rd, Melrose Park NSW 2114, Australia ",http://www.awash.com.au/,"53VC+4R Melrose Park, New South Wales, Australia",-33.8071269,151.0720413
Blue Diamond Carwash,"400 Lane Cove Rd, Macquarie Park NSW 2113, Australia ",,"648H+6G Macquarie Park, New South Wales, Australia",-33.7844137,151.1288437
Star Car Wash - Rhodes Waterside,"Rhodes Waterside, 1 Rider Blvd, Rhodes NSW 2138, Australia ",https://www.starcarwash.com.au/centres/rhodes/?utm_source=google&utm_medium=organic&utm_campaign=gmb-listing,"538M+4X Rhodes, New South Wales, Australia",-33.8347227,151.0849762
Detail Lab - Premium Car Detailing | Paint Protection Sydney | Ceramic Coating | Paint Protection Film PPF,"Unit 28/28 Barcoo St, Roseville NSW 2069, Australia ",https://www.detaillab.com.au/?utm_source=google&utm_medium=GMB&utm_campaign=GMB,"658W+2F Roseville, New South Wales, Australia",-33.7848941,151.1961866
Star Car Wash - Belrose Shopping Centre,"Belrose Super Centre, Shop 4/6 Niangala Cl, Belrose NSW 2085, Australia ",https://www.starcarwash.com.au/centres/belrose/?utm_source=google&utm_medium=organic&utm_campaign=gmb-listing,"76W7+H6 Belrose, New South Wales, Australia",-33.7035905,151.2130844
Xtream Car Care Eastwood Steam Detailing & Car Wash,"152/160 Rowe St, Eastwood NSW 2122, Australia ",http://www.xtreamcarcare.com.au/,"635J+4H Eastwood, New South Wales, Australia",-33.7921866,151.0813899
Star Car Wash - Macquarie Centre 2 (David Jones entry),"Macquarie Centre Cnr of Herring Rd &, Waterloo Rd, Macquarie Park NSW 2113, Australia ",https://www.starcarwash.com.au/centres/macquarie-centre-2/?utm_source=google&utm_medium=organic&utm_campaign=gmb-listing,"64FC+86 Macquarie Park, New South Wales, Australia",-33.7767187,151.1205172
Awash Carcare & Cafe,"459 Victoria Rd, Gladesville NSW 2111, Australia ",http://www.awash.com.au/,"54HC+2W Gladesville, New South Wales, Australia",-33.8224733,151.1222667
Pacific Motors,"859 Pacific Hwy, Pymble NSW 2073, Australia ",http://www.pacificmotors.com.au/,"742W+F9 Pymble, New South Wales, Australia",-33.7487862,151.1459341
Master's of Detailing,"Unit 4/14 Duffy Ave, Thornleigh NSW 2120, Australia ",http://www.mastersofdetailing.com.au/,"73GM+37 Thornleigh, New South Wales, Australia",-33.7247678,151.0832104
A1 Hand Carwash Carlingford,"801-809 Pennant Hills Rd, Carlingford NSW 2118, Australia ",,"63G2+2M Carlingford, New South Wales, Australia",-33.7749933,151.0516899
RND Mobile Detailing,"2 Durham Cl, Macquarie Park NSW 2113, Australia ",https://rndautodetailing.com/,"64GH+47 Macquarie Park, New South Wales, Australia",-33.7747323,151.1281254
Star Car Wash - Macquarie Centre (Valet Entry),"Macquarie Centre Cnr of Waterloo Rd &, Herring Rd, Macquarie Park NSW 2113, Australia ",https://www.starcarwash.com.au/centres/macquarie-centre-1/?utm_source=google&utm_medium=organic&utm_campaign=gmb-listing,"64FC+86 Macquarie Park, New South Wales, Australia",-33.7767187,151.1205172
Boutique Car Polishing & Detailing,"1 Mellor St, West Ryde NSW 2114, Australia ",,"53QV+7H West Ryde, New South Wales, Australia",-33.8118327,151.0938977
Detail Clinic,"Unit 6/2A Pioneer Ave, Thornleigh NSW 2120, Australia ",http://www.detailclinic.com.au/,"73FM+XF Thornleigh, New South Wales, Australia",-33.725115,151.0836447
Luxury Specialist Car Detailing,"Unit 35/28a Hilder Rd, Ermington NSW 2115, Australia ",https://www.luxuryspecialistcardetailing.com.au/?utm_source=google&utm_medium=wix_google_business_profile&utm_campaign=7493605210730456691,"53J3+HQ Ermington, New South Wales, Australia",-33.8185947,151.0544737
Star Car Wash - Forestway Shopping Centre,"Star Car Wash, Forestway Shopping Centre, 20 Forest Way, Frenchs Forest NSW 2086, Australia ",https://www.starcarwash.com.au/centres/forestway-shopping-centre/?utm_source=google&utm_medium=organic&utm_campaign=gmb-appt,"66XF+QV Frenchs Forest, New South Wales, Australia",-33.7506228,151.2246335
Nordic Detailing,"13 Harvard St, Gladesville NSW 2111, Australia ",https://brand.site/Nordic-detailing,"54CH+VC Gladesville, New South Wales, Australia",-33.8277656,151.1285746
Pink Slip Today Pymble,"75 Grandview St, Pymble NSW 2073, Australia ",https://pinksliptoday.com.au/,"744V+62 Pymble, New South Wales, Australia",-33.7444867,151.142584
Ryde Car Detailing,"11 Colvin Cres, Denistone East NSW 2112, Australia ",https://rydecardetailing.wordpress.com/home/,"634X+7W Denistone East, New South Wales, Australia",-33.7942603,151.0998424
Shine Auto Haus,"50 Walker St, Rhodes NSW 2138, Australia ",https://www.shineautohaus.com.au/?utm_source=google&utm_medium=wix_google_business_profile&utm_campaign=3957806569266518555,"53FP+8W Rhodes, New South Wales, Australia",-33.8267375,151.0872597
The Detail Clan,"5 St Annes St, Ryde NSW 2112, Australia ",http://thedetailclan.com.au/,"54M4+F2 Ryde, New South Wales, Australia",-33.8162809,151.1050733
Shine on Car Wash,"Glenrose Village Shopping Centre, 56/58 Glen St, Belrose NSW 2085, Australia ",https://shineoncarwash.com.au/,"7665+3V Belrose, New South Wales, Australia",-33.739872,151.2096295
Detailing by Evcom,"1 Hillpine Pl, Terrey Hills NSW 2084, Australia ",,"86FF+2X Terrey Hills, New South Wales, Australia",-33.6774426,151.224884
Top Gun Auto Detailing,"Pidding Rd, Ryde NSW 2112, Australia ",https://topgunauto.com.au/,"54QC+XC Ryde, New South Wales, Australia",-33.8100798,151.1211217
Detail Xpress Mobile Detailing,"Ryde NSW 2112, Australia ",https://instagram.com/detail.xpress23?igshid=YTQwZjQ0NmI0OA==&utm_source=qr,"54P3+RX Ryde, New South Wales, Australia",-33.8129803,151.1049802
GEORGE’S MOBILE CAR WASH,"17 Hume Ave, Ermington NSW 2115, Australia ",,"53R4+6V Ermington, New South Wales, Australia",-33.8094896,151.057211
Car Care Essentials Sydney (CCE.SYD),"ARC Building, Warehouse 120, Level 1/16 Orion Rd, Lane Cove West NSW 2066, Australia ",http://ccesyd.com/,"54RX+Q5 Lane Cove West, New South Wales, Australia",-33.8080612,151.1479448
Sensha,"7 Railway St, Chatswood NSW 2067, Australia ",https://www.sensha.com.au/,"653J+X6 Chatswood, New South Wales, Australia",-33.7950006,151.180561
Car wash,"11 Craiglea Gardens, Carlingford NSW 2118, Australia ",,"63P6+43 Carlingford, New South Wales, Australia",-33.7647386,151.0602134
Star Car Wash Top Ryde B2 Parking Level,"Blaxland Road, Devlin St, Ryde NSW 2112, Australia ",https://www.starcarwash.com.au/centres/top-ryde/?utm_source=google&utm_medium=organic&utm_campaign=gmb-listing,"54Q4+4G Ryde, New South Wales, Australia",-33.812188,151.106258
Chroma Detailing,"Unit 3/28 Buffalo Rd, Gladesville NSW 2111, Australia ",http://chromadetailing.com.au/,"54HF+WC Gladesville, New South Wales, Australia",-33.8201902,151.1235693
Platinum 1,"22 Egerton St, Silverwater NSW 2128, Australia ",http://www.platinum1autogroup.com.au/,"5372+9H Silverwater, New South Wales, Australia",-33.8365606,151.0514567
DAM Detailing Forest,"120 Melwood Ave, Killarney Heights NSW 2087, Australia ",,"66H7+57 Killarney Heights, New South Wales, Australia",-33.772061,151.2132494
H.PET,"73 Grandview St, Pymble NSW 2073, Australia ",http://www.hpet.com.au/,"744V+63 Pymble, New South Wales, Australia",-33.7444841,151.1426522
WashNDash,"119A Hull Rd, West Pennant Hills NSW 2125, Australia ",,"7364+75 West Pennant Hills, New South Wales, Australia",-33.7393604,151.0553915
Bunnings Pymble,"950 Pacific Hwy, Pymble NSW 2073, Australia ",https://www.bunnings.com.au/stores/nsw/pymble?utm_source=google&utm_medium=places&utm_content=bunnings-pymble&utm_campaign=googleplaces,"64XW+PH Pymble, New South Wales, Australia",-33.7506444,151.1464641
JAX Tyres & Auto Pymble,"1 West St, Pymble NSW 2073, Australia ",https://www.jaxtyres.com.au/tyre-stores/nsw/pymble?utm_source=google&utm_medium=organic&utm_campaign=GMB&utm_content=Pymble&utm_term=plcid_6642012977108598622,"64XV+CP Pymble, New South Wales, Australia",-33.7514832,151.1443576
3M car care,"84 Pacific Hwy, Waitara NSW 2077, Australia ",http://3mcarcare.com.au/,"74Q3+VG Waitara, New South Wales, Australia",-33.7103241,151.1037735
Chroma Car Detailing,"29 Devlin St, Ryde NSW 2112, Australia ",,"54P3+57 Ryde, New South Wales, Australia",-33.8145286,151.1031394
BP Dundas (JASBE),"256 Kissing Point Rd, Dundas NSW 2117, Australia ",http://www.jasbe.com.au/,"6323+CQ Dundas, New South Wales, Australia",-33.7989253,151.0543765
DDP Detailing,"17 Tabora St, Forestville NSW 2087, Australia ",,"66J7+56 Forestville, New South Wales, Australia",-33.7695269,151.2130159
Deluxe Automotive Detailing,"19 Ada Ave, Brookvale NSW 2100, Australia ",https://deluxecarwash.com.au/,"67MG+GW Brookvale, New South Wales, Australia",-33.7662004,151.2773261
Shell,"189 Epping Road, Culloden Rd, Marsfield NSW 2122, Australia ",https://find.shell.com/au/fuel/10110887-shell-reddy-express-marsfield/en_AU,,-33.7752299,151.1053331
Xtream Car Care Epping Steam Detailing,"Epping NSW 2121, Australia ",,"63HJ+P5 Epping, New South Wales, Australia",-33.7706786,151.0804546
HFDT Tyres & Auto,"836 Pacific Hwy, Gordon NSW 2072, Australia ",https://www.hfdt.com.au/?utm_source=gmb,"65W2+M7 Gordon, New South Wales, Australia",-33.753273,151.1507254
Manny's Mobile Detailing and Ceramic Coating (Castle Hill),"7 Sefton Rd, Thornleigh NSW 2120, Australia ",https://mannyscarwashau.wixsite.com/mannys,"73HM+7X Thornleigh, New South Wales, Australia",-33.7218323,151.0848912
Ampol Foodary St Ives,"164 Mona Vale Rd, St Ives NSW 2075, Australia ",https://locations.ampol.com.au/en/ampol-foodary-st-ives,"7594+MR St Ives, New South Wales, Australia",-33.7307758,151.1570112
A & M Hamadache Car Detailing,"17 Sydenham Rd, Brookvale NSW 2100, Australia ",https://www.amhamadache.com.au/,"67PF+7C Brookvale, New South Wales, Australia",-33.7642556,151.2736056
E-Valence,"Unit 13/12 Cecil Rd, Hornsby NSW 2077, Australia ",https://www.e-valence.com.au/,"8437+7W Hornsby, New South Wales, Australia",-33.6968081,151.1147848
IDetail Sydney Paint Protection Specialists,"56 Hotham Parade, Artarmon NSW 2064, Australia ",,,-33.8151182,151.1816358
Fleetwash,"6/6 Stanton Rd, Seven Hills NSW 2147, Australia ",http://www.fleetwash.com.au/,,-33.7701322,150.9501234
7-Eleven,"1408 Pacific Hwy, Turramurra NSW 2074, Australia ",https://www.7eleven.com.au/,"748G+QG Turramurra, New South Wales, Australia",-33.7330849,151.1263698
OK mobile car wash and detailing,"2000, Sydney NSW 2000, Australia ",,"46H4+MW Sydney, New South Wales, Australia",-33.8708464,151.20733
Platinum Carwash & Detailing Services - Darling Park,"201 Sussex St, Sydney NSW 2000, Australia ",,"46H3+5H Sydney, New South Wales, Australia",-33.8720761,151.2038774
Jim’s Car Cleaning,"Citigroup Centre, Level 13, 2 Park St, Sydney NSW 2000, Australia ",http://jimscardetailing.sydney/,"46G5+W3 Sydney, New South Wales, Australia",-33.8726651,151.2076409
Precision detailing sydney,"123 Pitt St, Sydney NSW 2000, Australia ",,"46M5+89 Sydney, New South Wales, Australia",-33.8666763,151.2083773
Inner West Detailing,"Enter Justin St Lane, Way/30 Halloran St, Lilyfield NSW 2040, Australia ",http://iwdetailing.com.au/,,-33.8722001,151.1651839
SPARK WASH,"1408, Blocks Valley NSW 2060, Australia ",http://washwithspark.com/,,-33.8401473,151.20733
My VIP Carwash,"Red Myer carparking, Level 4/25 Campbell St, Liverpool NSW 2170, Australia ",https://www.myvipcarwash.com.au/,,-33.9181874,150.9270467
getneat Mobile Car Wash North Shore,"2 Spruson St, Neutral Bay NSW 2089, Australia ",https://getneat.com.au/,,-33.8390645,151.2157286
Inch-Care Car Detailing,"100 Collins St, Alexandria NSW 2015, Australia ",http://www.inchcare.com.au/,,-33.9108014,151.1957797
FW1 Australia,"127 New South Head Rd, Bondi Junction NSW 2022, Australia ",http://www.fw1.com.au/,"46FM+49 Bondi Junction, New South Wales, Australia",-33.8772372,151.2334596
Rinsed,"15 Belvoir St, Surry Hills NSW 2010, Australia ",,"4664+FX Surry Hills, New South Wales, Australia",-33.888873,151.2073792
Willoughby Car Wash Services,"17 Small St, Willoughby NSW 2068, Australia ",,"56Q2+JM Willoughby, New South Wales, Australia",-33.8109116,151.2016385
bp,"169 Willoughby Rd, Naremburn NSW 2065, Australia ",https://map.bp.com/en-AU/AU/gas-station/naremburn/bp-naremburn/9544,"56H2+XC Naremburn, New South Wales, Australia",-33.8200095,151.2010655
Coles Pyrmont,"50/72 Edward St, Pyrmont NSW 2009, Australia ",http://www.coles.com.au/find-stores/coles/nsw/pyrmont-728,"45JW+6G Pyrmont, New South Wales, Australia",-33.8693804,151.1962998
Diamond Lux,"Unit 801/17 Joynton Ave, Zetland NSW 2017, Australia ",,"36W5+89 Zetland, New South Wales, Australia",-33.9041891,151.2084141
AutoCare,"2000/78 King St, Sydney NSW 2000, Australia ",http://bengaria.com/,"46J5+J3 Sydney, New South Wales, Australia",-33.8684801,151.2076862
Dazzlers Carwash - Self & 2 Automatic Car Wash | Car Vacuum | Dog Wash,"102 Campbelltown Rd, Minto NSW 2566, Australia ",http://www.pinkpages.com.au/dazzlers-carwash-minto/7513344/listing,"XRGP+J5 Minto, New South Wales, Australia",-34.0233991,150.8354202
the brothers car detailing,"7 John St, Mascot NSW 2020, Australia ",,"35GQ+9M Mascot, New South Wales, Australia",-33.9240052,151.1891973
Jekos Mobile Detailing,"Sydney NSW 2000, Australia ",http://jekosdetailing.com.au/,"46J5+FP Sydney, New South Wales, Australia",-33.8688197,151.2092955
The PPF Studio,"755 Darling St, Rozelle NSW 2039, Australia ",https://theppfstudio.com.au/,"45M8+QQ Rozelle, New South Wales, Australia",-33.8655093,151.1669702
IGA Local Grocer Pyrmont + Liquor,"1, Shop 121/29 Bunn St, Pyrmont NSW 2009, Australia ",https://www.iga.com.au/?utm_source=google&utm_medium=organic&utm_campaign=Google+My+Business&utm_content=IGA+Local+Grocer+Pyrmont+%2B+Liquor&utm_term=plcid_15974560488793220441,"45HW+8X Pyrmont, New South Wales, Australia",-33.8716919,151.1973888
JC All Automotive,"71 Burrows Rd, Alexandria NSW 2015, Australia ",,"35PQ+R5 Alexandria, New South Wales, Australia",-33.9129492,151.1879797
Ampol Foodary Randwick,"2 Alison Rd, Randwick NSW 2031, Australia ",https://locations.ampol.com.au/en/ampol-foodary-randwick,"36VJ+9R Randwick, New South Wales, Australia",-33.9066063,151.2320332
bp,"339 Princes Hwy, St Peters NSW 2044, Australia ",https://map.bp.com/en-AU/AU/gas-station/sydenham/bp-sydenham/9569,"35MF+F4 St Peters, New South Wales, Australia",-33.9162934,151.1728101
Car Skinning Sydney,"50 McEvoy St, Waterloo NSW 2017, Australia ",http://carskinning.com.au/,"36X3+72 Waterloo, New South Wales, Australia",-33.9018553,151.2025132
Shynex Car Care - Waterless Wash Products,"78/788 Bourke St, Waterloo NSW 2017, Australia ",,"4627+P2 Waterloo, New South Wales, Australia",-33.8981415,151.2125209
Shell,"867-869 S Dowling St, Waterloo NSW 2017, Australia ",https://find.shell.com/au/fuel/10110985-shell-reddy-express-waterloo/en_AU,"36X7+7Q Waterloo, New South Wales, Australia",-33.9018338,151.2144619
The Tinting Machine,"966-968 Elizabeth St, Zetland NSW 2017, Australia ",http://thetintingmachine.com.au/,"36V4+7X Zetland, New South Wales, Australia",-33.9068178,151.2074949
PL cafe,"941/953 Bourke St, Waterloo NSW 2017, Australia ",,"36X5+77 Waterloo, New South Wales, Australia",-33.9018215,151.2082179
Blue Star Car Detail & Window Tint,"32, Gledswood Hills NSW 2557, Australia ",https://bluestarcardetailing.com.au/about-us/,"XQC6+87 Gledswood Hills, New South Wales, Australia",-34.0291751,150.76068
Shop & Wash Randwick,"Level B2, Royal Randwick Shopping Centre, 73-115 Belmore Rd, Randwick NSW 2031, Australia ",http://www.carwashfinder.com.au/carwash/new-south-wales/eastern-sydney/down-under-car-wash,"36PR+3H Randwick, New South Wales, Australia",-33.9147919,151.2414797
Hansen,"31 Arthur St, Randwick NSW 2031, Australia ",,"36MQ+X7 Randwick, New South Wales, Australia",-33.9151106,151.2382055
Stacks Of Wax,"19 The Seven Ways, Rockdale NSW 2216, Australia ",,"24WP+PP Rockdale, New South Wales, Australia",-33.9531655,151.1367637
Car Needs | Car Was | Spare Parts,"Unit 1110, 3 Rockdale Plaza, Drive, Rockdale, NSW - 2216, Sydney NSW 2113, Australia ",,"24RQ+MX Rockdale, New South Wales, Australia",-33.9583017,151.1399295
