Name,Address,Website,Plus-code,lat,lon
Softwash,"Colyton NSW 2760, Australia ",,"6QGV+27 Colyton, New South Wales, Australia",-33.7749268,150.7931798
Meticulous Detailing,"99 Southee Cct, Oakhurst NSW 2761, Australia ",,"7R8J+FM Oakhurst, New South Wales, Australia",-33.7337946,150.8317491
Step aside hand car wash,"New Rd, Newtown SY16 1BD, United Kingdom ",https://newtownhandcarwash.com/#details,"GM7P+HF Newtown, United Kingdom",52.5139432,-3.313771
Magic Hand Carwash - Newtown,"250 Latrobe Terrace, Newtown VIC 3220, Australia ",http://www.magichcw.com.au/,"V922+XV Newtown, Victoria, Australia",-38.1475671,144.3522278
Car Wash,"Newtown SY16 3AG, United Kingdom ",,"GM7W+VV Newtown, United Kingdom",52.5146679,-3.3028543
Sparkling Car Care,"77/81 Reserve Rd, Artarmon NSW 2064, Australia ",https://www.sparklingcarcare.com.au/,"55MP+JR Artarmon, New South Wales, Australia",-33.8158916,151.1870256
Alldun Pty Ltd,"45 Macquarie St, Parramatta NSW 2150, Australia ",https://www.alldun.com.au/,"52P2+3F Parramatta, New South Wales, Australia",-33.8148372,151.0012464
A Class Mobile Detailing,"4 New St, North Parramatta NSW 2151, Australia ",http://www.aclassdetailing.com.au/,"52X2+MQ North Parramatta, New South Wales, Australia",-33.8007524,151.0019364
WAXonWAXoff Auto Spa,"8 Joseph St, Rydalmere NSW 2116, Australia ",,"52VP+F4 Rydalmere, New South Wales, Australia",-33.8063588,151.0352867
Bright Shine Ceramic Paint Protection and Detailing,"40A Fennell St, North Parramatta NSW 2151, Australia ",http://www.brightshinemobile.com/,"52V5+MH North Parramatta, New South Wales, Australia",-33.8057666,151.0088829
Best Value Carwash,"88 Victoria Rd (Corner, Buller St, Parramatta NSW 2150, Australia ",,"52R6+GX Parramatta, New South Wales, Australia",-33.8086528,151.0123905
Shell,"88 Victoria Road, Buller St, Parramatta NSW 2150, Australia ",https://find.shell.com/au/fuel/10110928-shell-reddy-express-parramatta/en_AU,"52R7+G4 Parramatta, New South Wales, Australia",-33.8087101,151.0127852
Exclusive Car Wash & Cafe,"3 Doonmore St, Penrith NSW 2750, Australia ",,"6PW3+5X Penrith, New South Wales, Australia",-33.7545979,150.704961
Elegance Car Wash,"35-37 Henry St, Penrith NSW 2750, Australia ",http://www.elegancecarwash.com.au/,"6PW3+GP Penrith, New South Wales, Australia",-33.7536421,150.7043579
A1 Hand Carwash Penrith,"3/160 Station St, Penrith NSW 2750, Australia ",https://www.nepeanvillage.com.au/stores/a1-car-wash/,"6MRR+P8 Penrith, New South Wales, Australia",-33.7581858,150.6908019
Concierge Car Wash,"585 High St, Penrith NSW 2750, Australia ",https://conciergecarwash.com.au/westfield-penrith/,"6MXV+F9 Penrith, New South Wales, Australia",-33.7513421,150.6934793
Jimmy's Hand Car Wash & Detailing,"588 High St, Penrith NSW 2750, Australia ",,"6MXR+2C Penrith, New South Wales, Australia",-33.752464,150.6910665
Star Car Wash - Westfield Penrith,"585 High St, Penrith NSW 2750, Australia ",https://www.starcarwash.com.au/centres/penrith/?utm_source=google&utm_medium=organic&utm_campaign=gmb-listing,"6MXR+GV Penrith, New South Wales, Australia",-33.7511661,150.6921977
Star Car Wash - Penrith Panthers,"Penrith Panthers, 135 Mulgoa Rd, Penrith NSW 2750, Australia ",https://www.starcarwash.com.au/centres/panthers-penrith/?utm_source=google&utm_medium=organic&utm_campaign=gmb-listing,"6MVM+CQ Penrith, New South Wales, Australia",-33.7564862,150.6844875
Lush Auto Spa,"Unit 28 9/12 Lambridge Pl, Penrith NSW 2750, Australia ",,"7M8W+RH Penrith, New South Wales, Australia",-33.7329462,150.6964921
B&B Auto Detailing,"Unit 23/29 Coombes Dr, Penrith NSW 2750, Australia ",,"7P43+R2 Penrith, New South Wales, Australia",-33.7429835,150.7026093
Green and Gold Car Wash,"121 Cox Ave, Kingswood NSW 2747, Australia ",,"6PV7+R3 Kingswood, New South Wales, Australia",-33.7554456,150.7127415
Daniel’s Mobile Car Cleaning,"Pelsart Ave, Penrith NSW 2750, Australia ",https://www.facebook.com/profile.php?id=61555368159013&mibextid=LQQJ4d,"7P77+J7 Penrith, New South Wales, Australia",-33.7358922,150.71319
Peachtree Car Detailing,"7/61-63 Batt St, Jamisontown NSW 2750, Australia ",https://www.peachtreecardetailing.com.au/,"6MMP+3M Jamisontown, New South Wales, Australia",-33.7673008,150.6867426
Works,"Shop 215/569 High St, Penrith NSW 2750, Australia ",,"6MXR+PR Penrith, New South Wales, Australia",-33.7507354,150.6920674
Green and Gold Car Wash Emu Plains,"1 Pyramid St, Emu Plains NSW 2750, Australia ",,"6MW4+RX Emu Plains, New South Wales, Australia",-33.7529675,150.6574163
Auto Charm Detailing,"7 Pavey Pl, Cranebrook NSW 2749, Australia ",https://www.autocharmdetailing.com.au/,"7PG7+PR Cranebrook, New South Wales, Australia",-33.7231825,150.7145146
First Round Car Detailing | Operating 7 Days - Marsden Park | Penrith | Sydney,"Passionflower St, Marsden Park NSW 2765, Australia ",https://frdetailing.simplybook.net/v2/,"8R65+95 Marsden Park, New South Wales, Australia",-33.689061,150.8078894
Werrington Eco Megawash,"574 Great Western Hwy, Werrington NSW 2747, Australia ",,"6QJ4+MP Werrington, New South Wales, Australia",-33.7683217,150.7568164
Callaghan Truck Washing,"13/31 Coombes Dr, Penrith NSW 2750, Australia ",https://www.callaghantruckwash.com.au/,"7P43+RC Penrith, New South Wales, Australia",-33.742904,150.703523
Clarity Auto Detailing Australia,"Shearwater Dr, Glenmore Park NSW 2745, Australia ",https://www.clarityautodetailing.com.au/,"6M3F+MF Glenmore Park, New South Wales, Australia",-33.7957534,150.673707
Revive Auto Detailing,"Bellatrix St, Cranebrook NSW 2749, Australia ",https://reviveautodetail.weeblysite.com/,"7PV7+5M Cranebrook, New South Wales, Australia",-33.7070765,150.7142454
Star Car Wash - HomeCo Glenmore Park,"Centre, 1 Town Terrace, Glenmore Park NSW 2745, Australia ",https://www.starcarwash.com.au/centres/glenmore-park/?utm_source=google&utm_medium=organic&utm_campaign=gmb-listing,"6M79+4J Glenmore Park, New South Wales, Australia",-33.7871437,150.6690296
Softwash,"94 Mulgoa Rd, Jamisontown NSW 2750, Australia ",,"6MMH+9R Jamisontown, New South Wales, Australia",-33.7665927,150.6795364
NextLevel Garage,"Located in Penrith, Penrith NSW 2745, Australia ",http://www.instagram.com/_nextlevelgarage,"6MXQ+P3 Penrith, New South Wales, Australia",-33.7506759,150.687674
bp,"126-130 Mulgoa Rd, Jamisontown NSW 2750, Australia ",https://map.bp.com/en-AU/AU/gas-station/penrith/bp-jamison-town/2967,"6MJG+4J Jamisontown, New South Wales, Australia",-33.7697,150.6765
MAGMA CAR CARE,"184 Greenwood Pkwy, Jordan Springs NSW 2747, Australia ",,"7PCP+Q4 Jordan Springs, New South Wales, Australia",-33.7281097,150.7353486
1 Stop Hand Car Wash,"526 Great Western Hwy, St Marys NSW 2760, Australia ",,"6QH8+WG St Marys, New South Wales, Australia",-33.770129,150.7663566
Magic Hand Carwash North Perth,"350 Charles St, North Perth WA 6006, Australia ",https://www.magichcw.com.au/,"3VC3+V5 North Perth, Western Australia, Australia",-31.9277564,115.8528943
"Silver Sponge Hand Car Wash, East Perth","264 Lord St, Perth WA 6000, Australia ",https://silversponge.com.au/?utm_source=google&utm_medium=local&utm_campaign=gmb_listing,,-31.9449958,115.8727722
Impeccable Hand Car Wash & Detailing,"43 Kensington St, East Perth WA 6004, Australia ",http://www.impeccablehandcarwash.com.au/,,-31.9503,115.87753
KwiknKleen Car Wash South Perth,"77 Canning Hwy, South Perth WA 6151, Australia ",http://kwiknkleen.com.au/,"2VCH+F9 South Perth, Western Australia, Australia",-31.97885,115.878462
Magic Hand Carwash Victoria Park,"78-80 Canning Hwy, Victoria Park WA 6100, Australia ",https://www.magichcw.com.au/,"2VGM+C8 Victoria Park, Western Australia, Australia",-31.97397,115.88336
"Silver Sponge Hand Car Wash, QEII Medical Centre","QEII Medical Centre Carpark, Winthrop Ave, Nedlands WA 6009, Australia ",https://silversponge.com.au/?utm_source=google&utm_medium=local&utm_campaign=gmb_listing,"2RM9+62 Nedlands, Western Australia, Australia",-31.9669646,115.8175028
Perth Car Wash,"45 Berriman Dr, Wangara WA 6065, Australia ",https://perthcardetailing.com/,"6R4F+PQ Wangara, Western Australia, Australia",-31.7932486,115.8244975
A-SpaHand Car Wash&Detailing,"17 Golding St, West Perth WA 6003, Australia ",https://a-spahandcarwash.com.au/,"3R5X+8J West Perth, Western Australia, Australia",-31.9416782,115.849109
Pro 7 Hand Car Wash & Detailing Centre,"71-73 Scarborough Beach Rd, Mount Hawthorn WA 6016, Australia ",https://www.facebook.com/profile.php?id=100092461039839&mibextid=ZbWKwL,"3RGW+6C Mount Hawthorn, Western Australia, Australia",-31.9243909,115.8461237
Perth Detailing Centre,"20/1 Baden St, Osborne Park WA 6017, Australia ",https://www.perthdetailingcentre.com.au/,"3RQF+5H Osborne Park, Western Australia, Australia",-31.912076,115.823936
Magic Carwash Balcatta,"104-108 Erindale Rd, Balcatta WA 6021, Australia ",https://www.magichcw.com.au/,"4RQ5+QR Balcatta, Western Australia, Australia",-31.8605556,115.8095855
Perfect Hand Carwash,"1160 Albany Hwy, Bentley WA 6102, Australia ",http://www.perfecthandcarwash.com.au/,"XWWC+V6 Bentley, Western Australia, Australia",-32.0027688,115.9205943
Mega Hand Car Wash,"Livingston market place, Canning Vale WA 6155, Australia ",http://www.megahandcarwash.com.au/,"WW89+39 Canning Vale, Western Australia, Australia",-32.0848579,115.9184057
A-Spa Hand Car Wash and Detailing,"402a Scarborough Beach Rd, Osborne Park WA 6017, Australia ",https://a-spahandcarwash.com.au/,"3RQ7+RQ Osborne Park, Western Australia, Australia",-31.91039,115.8144001
Eco Spray North Perth,"496 Charles St, North Perth WA 6006, Australia ",https://silversponge.com.au/?utm_source=google&utm_medium=local&utm_campaign=gmb_listing,"3RJX+VJ North Perth, Western Australia, Australia",-31.9178336,115.849089
Sparklers Midland Car Wash,"158 Great Eastern Hwy, Midland WA 6056, Australia ",,"424C+RM Midland, Western Australia, Australia",-31.892886,116.0216933
Willetton Carwash,"167 High Rd, Willetton WA 6155, Australia ",http://www.coltwash.com.au/,,-32.0394528,115.8839745
Cars U Wash,"222 Scarborough Beach Rd, Doubleview WA 6018, Australia ",https://m.facebook.com/pages/Cars-U-Wash/147113628664733,,-31.8942997,115.7811909
Caltex Car Wash,"Alexander Heights WA 6064, Australia ",,"5VC3+66 Alexander Heights, Western Australia, Australia",-31.8294866,115.8530519
KwiknKleen Carwash Bentley,"1145 Albany Hwy, Bentley WA 6102, Australia ",http://kwiknkleen.com.au/,"XWX9+2M Bentley, Western Australia, Australia",-32.0024777,115.9192078
Refresh Valet,"355 Scarborough Beach Rd, Osborne Park WA 6017, Australia ",https://www.refreshvalet.com/,"3RP9+FF Osborne Park, Western Australia, Australia",-31.913806,115.818653
Car Wash 24/7,"6 The Gateway, Edgewater WA 6027, Australia ",,"6QPF+F5 Edgewater, Western Australia, Australia",-31.7637611,115.7728903
Perth Detailing Carstyle,"14 Hubert Rd, Maylands WA 6051, Australia ",https://mobiledetailingcarstyle.com/,"3W73+GQ Maylands, Western Australia, Australia",-31.9362027,115.9044128
"Silver Sponge Hand Car Wash, Perth Convention Centre","Under cover parking, Perth Convention Centre, 21 Mounts Bay Rd, Perth WA 6000, Australia ",https://silversponge.com.au/?utm_source=google&utm_medium=local&utm_campaign=gmb_listing,"2VV3+5C Perth, Western Australia, Australia",-31.9570739,115.8535272
Starlight Hand Car Wash,"34 Rudloc Rd, Morley WA 6062, Australia ",http://starlightservices.com.au/,"3VXX+RG Morley, Western Australia, Australia",-31.9004267,115.8987739
Canning Bridge Super Car Wash,"909 Canning Hwy, Mount Pleasant WA 6153, Australia ",,"XRPX+VR Mount Pleasant, Western Australia, Australia",-32.0127933,115.849544
CARE HAND CAR WASH,"Dianella Plaza, Shop CP001/366 Grand Promenade, Dianella WA 6059, Australia ",http://www.carecarwash.au/,"4V3C+X7 Dianella, Western Australia, Australia",-31.8951202,115.8706255
Aqua Valet Car Wash Maddington,"1861 Albany Hwy, Maddington WA 6104, Australia ",http://www.aquavalet.com.au/,"XX2H+4P Maddington, Western Australia, Australia",-32.0496974,115.979337
Osborne Park Car Wash,"4 Parkland Rd, Osborne Park WA 6017, Australia ",https://opcarwash.com/,"3RM9+6C Osborne Park, Western Australia, Australia",-31.916879,115.8185495
Impeccable Hand Car Wash & Detailing,"55 Salvado Rd, Subiaco WA 6008, Australia ",http://www.impeccablehandcarwash.com.au/,"3R4C+C2 Subiaco, Western Australia, Australia",-31.9439782,115.8200725
"Silver Sponge Hand Car Wash, East Victoria Park","789 Albany Hwy, East Victoria Park WA 6101, Australia ",https://silversponge.com.au/,"2W82+4W East Victoria Park, Western Australia, Australia",-31.9846855,115.9023479
Ampol Foodary East Perth Car Wash,"Lord St, Perth WA 6000, Australia ",https://www.ampol.com.au/convenience/car-wash,"3V29+MQ Perth, Western Australia, Australia",-31.9483139,115.869409
Geowash Joondalup Gate Hand Car Wash,"(Next to Shell Service Station), 57 Joondalup Dr, Edgewater WA 6027, Australia ",http://geowash.com.au/,"6QJH+4H Edgewater, Western Australia, Australia",-31.7697418,115.7788759
Megashine Car Detailing,"332 Wharf St, Queens Park WA 6107, Australia ",,"2X22+4P Queens Park, Western Australia, Australia",-31.9997174,115.951826
IMO Car Wash,"156-170 Gnangara Rd, Landsdale WA 6065, Australia ",https://www.imocarwash.com/au/car-washes/landsdale-western-australia/landsdale-car-wash/?y_source=1_MTIyNzE1NDItNzE1LWxvY2F0aW9uLndlYnNpdGU%3D,,-31.8046588,115.8357543
PERTH CAR CARE PVT LTD,"35 Port Kembla Dr, Bibra Lake WA 6163, Australia ",,"VRX2+GV Bibra Lake, Western Australia, Australia",-32.1011875,115.8021359
Jetwash,"Lawley St, Yokine WA 6060, Australia ",,"3RXR+XV Yokine, Western Australia, Australia",-31.9000189,115.8422006
Star Car Wash - Westfield Innaloo,"Westfield Innaloo (level 1 car park near Kmart Service Centre) cnr Scarborough Beach Road &, Ellen Stirling Blvd, Innaloo WA 6021, Australia ",https://www.starcarwash.com.au/centres/innaloo/?utm_source=google&utm_medium=organic&utm_campaign=gmb-listing,"3QXX+FQ Innaloo, Western Australia, Australia",-31.9013229,115.7993963
Kleen My Car,"Tudor Ave S, Riverton WA 6148, Australia ",https://www.kleenmycar.com.au/,"XV8V+HV Riverton, Western Australia, Australia",-32.0336046,115.8946521
Champ Car Mobile Detailing,"867 Beaufort St, Inglewood WA 6052, Australia ",https://champcardetailing.com.au/,"3VHM+4R Inglewood, Western Australia, Australia",-31.9221998,115.8845924
Qleen Mobile Detailing,"Unit 95/150 Mill Point Rd, South Perth WA 6151, Australia ",http://www.qleen.com.au/,"2VG4+6G South Perth, Western Australia, Australia",-31.9744218,115.8563367
IMO Car Wash,"33-35 Port Kembla Drive Port Kembla, 35 Port Kembla Dr, Bibra Lake WA 6163, Australia ",https://www.imocarwash.com/au/car-washes/bibra-lake-western-australia/bibra-car-wash/?y_source=1_MTIyNzE0MjgtNzE1LWxvY2F0aW9uLndlYnNpdGU%3D,"VRX2+HQ Bibra Lake, Western Australia, Australia",-32.1010909,115.8019459
KwiknKleen Carwash Kenwick,"1770 Albany Hwy, Kenwick WA 6107, Australia ",http://kwiknkleen.com.au/,"XX4F+P8 Kenwick, Western Australia, Australia",-32.043216,115.9733602
Iron Car Detailing,"14/5 Rowallan St, Osborne Park WA 6017, Australia ",http://www.ironcardetailing.com.au/?utm_source=google&utm_medium=wix_google_business_profile&utm_campaign=13983277424936864351,"3RQG+92 Osborne Park, Western Australia, Australia",-31.9116223,115.8251069
Perth Car Spa,"480 William St, Perth WA 6000, Australia ",,"3V57+JM Perth, Western Australia, Australia",-31.9409254,115.8641448
Silver Sponge Hand Car Wash Mirrabooka Square,"43 Yirrigan Dr, Mirrabooka WA 6061, Australia ",https://silversponge.com.au/,,-31.87231,115.8625691
BUFF MAN Exclusive Car Detailing,"20 Royal St, East Perth WA 6004, Australia ",http://www.thebuffman.com.au/,,-31.95284,115.87948
IMO Car Wash Perth Airport,"and, Lot 4, Corner of Dunreath Drive, Boud Ave, Perth Airport WA 6105, Australia ",https://imocarwash.com/au/car-washes/perth-airport/perth-car-wash/,"3X53+Q8 Perth Airport, Western Australia, Australia",-31.940598,115.9532864
Brilliant Detailing,"89 Abernethy Rd, Belmont WA 6104, Australia ",http://www.brilliantdetailing.com.au/,"2WXF+6Q Belmont, Western Australia, Australia",-31.9519546,115.9244868
Kwik n’ Kleen Carwash Ascot,"133 Grandstand Rd, Ascot WA 6104, Australia ",http://www.kwiknkleen.com.au/,"3W5G+G5 Ascot, Western Australia, Australia",-31.9412052,115.9254216
Autoglo,"113 Essex St, Wembley WA 6014, Australia ",https://www.autoglo.com.au/?utm_source=Google&utm_medium=GMB&utm_campaign=organic+Search,"3R88+XC Wembley, Western Australia, Australia",-31.9325368,115.8161087
Ambassador Car Care,"19A Halley Rd, Balcatta WA 6021, Australia ",http://www.ambassadorcarcare.com.au/,"4RQG+FC Balcatta, Western Australia, Australia",-31.8612936,115.826076
Cottesloe Touchless Car Wash,"611 Stirling Hwy, Peppermint Grove WA 6011, Australia ",,"XQX6+34 Peppermint Grove, Western Australia, Australia",-32.0023409,115.7602679
"Silver Sponge Hand Car Wash, Claremont Quarter","Basement Level Car Park, Clarement Quarter, Divers Link, Claremont WA 6010, Australia ",http://silversponge.com.au/,"2Q9H+3C Claremont, Western Australia, Australia",-31.9823301,115.7785031
Impeccable Hand Car Wash & Detailing,"343 Canning Hwy, Palmyra WA 6157, Australia ",http://www.impeccablehandcarwash.com.au/,"XQ7P+F7 Palmyra, Western Australia, Australia",-32.03636,115.78567
Silver Sponge Hand Car Wash Flinders Square,"30 Wiluna St, Yokine WA 6060, Australia ",https://silversponge.com.au/?utm_source=google&utm_medium=local&utm_campaign=gmb_listing,"3RRX+8M Yokine, Western Australia, Australia",-31.9092414,115.8491592
LUXSKY Detailing & CarWash,"1 Coolgardie St, West Perth WA 6005, Australia ",,"3R2X+C3 West Perth, Western Australia, Australia",-31.9489778,115.8476939
Rhino Wash,"Hampton Rd &, Culver St, Fremantle WA 6162, Australia ",http://www.rhinocarwash.com.au/contact-us/,"WQG6+59 Fremantle, Western Australia, Australia",-32.0745868,115.7608932
Silver Sponge Hand Car Wash Forrestfield,"20 Strelitzia Ave, Forrestfield WA 6058, Australia ",https://silversponge.com.au/,"2275+25 Forrestfield, Western Australia, Australia",-31.987487,116.0079491
A-Spa Hand Car Wash and Detailing,"Undercroft Parking Area, Hawaiin’s Melville Shopping Hub, 380 Canning Hwy, Bicton WA 6107, Australia ",http://www.a-spahandcarwash.com.au/,"XQ8R+CH Bicton, Western Australia, Australia",-32.0339645,115.7913786
Deluxe Detailing and Paint Protection,"U8 105/107 President St, Welshpool WA 6106, Australia ",http://www.deluxedetailing.com.au/,"2W8H+HV Welshpool, Western Australia, Australia",-31.9836112,115.929638
Star Car Wash - Westfield Carousel,"Westfield Carousel, 1382 Albany Hwy, Cannington WA 6107, Australia ",https://www.starcarwash.com.au/centres/carousel/?utm_source=google&utm_medium=organic&utm_campaign=gmb-listing,"XWHQ+5V Cannington, Western Australia, Australia",-32.0220098,115.9396353
Star Car Wash - Westfield Whitford City,"Westfield Whitford City Shopping Centre Cnr Marmion Ave &, Whitfords Ave, Hillarys WA 6025, Australia ",https://www.starcarwash.com.au/centres/whitford-city/?utm_source=google&utm_medium=organic&utm_campaign=gmb-listing,"6Q32+6Q Hillarys, Western Australia, Australia",-31.7969265,115.7518836
BP Beeliar Car Wash,"701 Beeliar Dr, Cockburn Central WA 6164, Australia ",https://www.sanzgroup.com.au/,"VRFV+65 Cockburn Central, Western Australia, Australia",-32.126954,115.8429042
Concierge Car Wash - Lakeside Joondalup Shopping City 1,"420 Joondalup Dr, Joondalup WA 6027, Australia ",https://conciergecarwash.com.au/,"7Q47+4X Joondalup, Western Australia, Australia",-31.7447477,115.7649819
"Silver Sponge Hand Car Wash, Karrinyup - East","B1 East Car Park, Karrinyup Shopping Centre, 200 Karrinyup Rd, Karrinyup WA 6018, Australia ",https://silversponge.com.au/?utm_source=google&utm_medium=local&utm_campaign=gmb_listing,"4QCJ+W9 Karrinyup, Western Australia, Australia",-31.8776696,115.7809768
Coles Express Car Wash,"337 Cambridge St, Wembley WA 6014, Australia ",https://www.reddyexpress.com.au/services/car-wash,"3R56+HW Wembley, Western Australia, Australia",-31.9410711,115.8123164
KwiknKleen Car Wash Madeley,"in Kingsway city shopping centre, 168 Wanneroo Rd, Madeley WA 6065, Australia ",http://kwiknkleen.com.au/,"5RMC+5R Madeley, Western Australia, Australia",-31.817002,115.8220406
Trendy Care Car Detailing,"320B Wharf St, Queens Park WA 6107, Australia ",,"XXX2+R7 Queens Park, Western Australia, Australia",-32.0004378,115.9507144
Washworks Midvale,"Morrison Rd, Midvale WA 6056, Australia ",http://washworks.com.au/,"427J+8M Midvale, Western Australia, Australia",-31.8866981,116.0317166
bp Car Wash,"102 Mill Point Rd, South Perth WA 6151, Australia ",,"2VG2+WM South Perth, Western Australia, Australia",-31.9727161,115.851745
ExtraMile Mobile Detailing,"159 Fairway, Crawley WA 6009, Australia ",https://www.extramilemobiledetailing.com.au/,"2R78+27 Crawley, Western Australia, Australia",-31.9874818,115.8156559
Concierge Car Wash,"Whitfords Ave, Hillarys WA 6025, Australia ",https://conciergecarwash.com.au/locations/wa/westfield-whitford-hand-car-wash/,,-31.797871,115.7468412
The Wash Factory Dianella,"Walter Rd W, Dianella WA 6059, Australia ",https://thewashfactory.com.au/car-wash-dianella/,"3VVM+J2 Dianella, Western Australia, Australia",-31.9059684,115.8825298
Super Soakers Car Wash & Dog Wash,"398 South St, O'Connor WA 6163, Australia ",https://www.supersoakerscarwash.com.au/,"WRP3+25 O'Connor, Western Australia, Australia",-32.0649839,115.8029489
Washworks Canning Vale,"265 Bannister Rd, Canning Vale WA 6155, Australia ",https://washworks.com.au/washclub.html,"WVHR+7R Canning Vale, Western Australia, Australia",-32.0717692,115.8921103
Star Car Wash - Cockburn Gateway,"Cockburn Gateway Shopping Centre (underground Carpark, 816 Beeliar Dr, Success WA 6164, Australia ",https://www.starcarwash.com.au/centres/cockburn-gateway/?utm_source=google&utm_medium=organic&utm_campaign=gmb-listing,"VV94+CX Success, Western Australia, Australia",-32.1313801,115.8573984
Caltex Car Wash,"265 Great Eastern Hwy, Burswood WA 6100, Australia ",,"2WQ2+RP Burswood, Western Australia, Australia",-31.9604103,115.9018134
Concierge Car Wash - Lakeside Joondalup Shopping City 2,"CW2/420 Joondalup Dr, Joondalup WA 6027, Australia ",https://conciergecarwash.com.au/,,-31.7456575,115.7684946
Ants Auto Detailing,"46 The Lakes Blvd, Jandakot WA 6164, Australia ",http://antsautodetailing.com.au/,"VVQ3+2F Jandakot, Western Australia, Australia",-32.112402,115.8536859
Bubbles Car Wash,"7 Capital Rd, Malaga WA 6090, Australia ",,"5V2H+VC Malaga, Western Australia, Australia",-31.8478693,115.8785434
A1 Car Detailing WA,"4 Chokolich St, Wangara WA 6065, Australia ",,"6R58+V7 Wangara, Western Australia, Australia",-31.790292,115.8157134
Rhino Carwash,"1 Newburn Rd, High Wycombe WA 6057, Australia ",http://www.rhinocarwash.com.au/,"3274+99 High Wycombe, Western Australia, Australia",-31.9365597,116.0059384
W.A. Gutter Replacement Perth,"101 St Georges Terrace, Perth WA 6000, Australia ",,"2VV4+WQ Perth, Western Australia, Australia",-31.955218,115.8569835
Aqua Valet Car Wash Langford,"230 Nicholson Rd, Langford WA 6147, Australia ",http://www.aquavalet.com.au/,"XW3J+3X Langford, Western Australia, Australia",-32.0472947,115.9324329
Robowash,"14 Sparks Road, Henderson Western Australia 6166 ",https://www.robowash.com.au/?utm_source=bingplaces&utm_medium=local&utm_campaign=inbound,"RQXG+HM Henderson, Western Australia, Australia",-32.151085,115.776663
Miraculous Auto Detailing,"3 James St, Gosnells WA 6110, Australia ",,"WX9W+24 Gosnells, Western Australia, Australia",-32.0824521,115.9953226
Southern River Superwash,"Furley Rd, Southern River WA 6110, Australia ",https://www.facebook.com/people/SouthernRiver-SuperWash/100054323628535/,"WW3P+86 Southern River, Western Australia, Australia",-32.0966536,115.9355632
"Silver Sponge Hand Car Wash, Booragoon","Car Park 1, Garden City Shopping Centre, Almondbury Rd, Booragoon WA 6154, Australia ",https://silversponge.com.au/?utm_source=google&utm_medium=local&utm_campaign=gmb_listing,"XR8P+MJ Booragoon, Western Australia, Australia",-32.0333063,115.8365431
Real Shine Car Detailing,"4/231 Barrington St, Bibra Lake WA 6163, Australia ",http://www.realshine.com.au/,"VRM7+H6 Bibra Lake, Western Australia, Australia",-32.1160928,115.8130392
Executive Car Care WA,"44 Government Rd, Nedlands WA 6009, Australia ",http://www.eccwa.com.au/,"2QFV+V9 Nedlands, Western Australia, Australia",-31.9753158,115.7934193
Aqua Valet Car Wash Kelmscott,"2907 Albany Hwy, Kelmscott WA 6111, Australia ",http://www.aquavalet.com.au/,"V2J8+FF Kelmscott, Western Australia, Australia",-32.1187607,116.0161423
iWash Mobile Auto Detailing,"Perth WA 6000, Australia ",,"2VW6+XC Perth, Western Australia, Australia",-31.9525739,115.8610488
"Silver Sponge Hand Car Wash, Kalamunda","39 Railway Rd, Kalamunda WA 6076, Australia ",https://silversponge.com.au/,"23G5+WP Kalamunda, Western Australia, Australia",-31.9726256,116.0593052
Shining Star Car Detailing,"Unit 1/45 Probert Rd, Thornlie WA 6108, Australia ",http://www.cardetailings.com.au/,"XX24+CG Thornlie, Western Australia, Australia",-32.0489083,115.9563387
Rhino Car Wash,"1 Gunter Grove, Beldon WA 6027, Australia ",http://www.rhinocarwash.com.au/,"6QF4+7J Beldon, Western Australia, Australia",-31.7768542,115.7565647
"Silver Sponge Hand Car Wash, Redcliffe","493 Great Eastern Hwy, Redcliffe WA 6104, Australia ",https://silversponge.com.au/?utm_source=google&utm_medium=local&utm_campaign=gmb_listing,"3XF2+48 Redcliffe, Western Australia, Australia",-31.9271614,115.9508186
Central Hand Car Wash & Detailing,"7/1830 Albany Hwy, Maddington WA 6109, Australia ",,"XX3H+63 Maddington, Western Australia, Australia",-32.0469236,115.9776822
Star Car Wash - Midland,"Midland Gate Shopping Centre, 274 Great Eastern Hwy, Midland WA 6056, Australia ",https://www.starcarwash.com.au/centres/midland-gate/?utm_source=Google-Local&utm_medium=organic&utm_campaign=local-seo,"4255+MQ Midland, Western Australia, Australia",-31.8908201,116.009465
Greenwood Super Wash,"37 Canham Way, Greenwood WA 6024, Australia ",,"5RH9+5W Greenwood, Western Australia, Australia",-31.8220462,115.8198394
APEX Car Detailing Perth,"30 Venice Entrance, Iluka WA 6028, Australia ",,"7PCH+98 Iluka, Western Australia, Australia",-31.729104,115.728328
Silver Sponge Hand Car Wash Riverton,"CW 01 Stockland Shopping Centre , Next to BP fuel station, High Rd, Riverton WA 6148, Australia ",https://www.facebook.com/Silver-Sponge-Riverton-Stockland-469073953579168/,"XW64+F3 Riverton, Western Australia, Australia",-32.038821,115.9051383
Impulse Detailing Solutions,"Unit 3/103 Harris St, Welshpool WA 6106, Australia ",https://instagram.com/impulsedetailingsolutions,"2W8H+FM Welshpool, Western Australia, Australia",-31.9838153,115.9291975
GYEON Australia,"573 Parramatta Rd, Leichhardt NSW 2040, Australia ",http://www.gyeonquartz.com.au/,"4562+9G Leichhardt, New South Wales, Australia",-33.8890797,151.151338
Complete Car Protection,"573 Parramatta Rd, Leichhardt NSW 2040, Australia ",https://completecarprotection.com.au/,"4562+9H Leichhardt, New South Wales, Australia",-33.8890897,151.151393
Goldenshine Car Wash.,"998 Botany Rd, Mascot NSW 2020, Australia ",https://goldenshine.com.au/,"359V+4F Mascot, New South Wales, Australia",-33.9321883,151.1937328
Crystal Car Wash Strathfield,"460 Parramatta Rd, Strathfield NSW 2135, Australia ",http://crystalcarwash.com/,,-33.8679762,151.0980506
The Detailer Mortlake,"Bennett Ln, Mortlake NSW 2137, Australia ",,"5454+22 Mortlake, New South Wales, Australia",-33.8424586,151.1050115
Diamond finish car wash,"235 O'Riordan St, Mascot NSW 2020, Australia ",http://www.diamondfinish.com.au/,"35CP+4H Mascot, New South Wales, Australia",-33.9297293,151.1864318
Concierge Car Wash - Westfield Burwood,"100 Burwood Rd, Burwood NSW 2134, Australia ",https://conciergecarwash.com.au/westfield-burwood-car-wash/,"44G4+59 Burwood, New South Wales, Australia",-33.8745651,151.1059151
Snap Car Wash Moore Park,"2 Todman Ave, Kensington NSW 2033, Australia ",https://snapcarwash.com.au/locations/moore-park/,"36W8+G2 Kensington, New South Wales, Australia",-33.9036982,151.2151132
Highpressure mobile detailing & co,"Duke St, Campsie NSW 2194, Australia ",https://www.instagram.com/highpressuredetailing_co?igsh=MTJnN2w1bDhrdWR6dQ%3D%3D&utm_source=qr,"34J3+PQ Campsie, New South Wales, Australia",-33.9182301,151.104445
Autohub Auto Detailing,"11 Argyle St, Wolli Creek NSW 2205, Australia ",http://www.autohubdetailing.com.au/,"3582+9M Wolli Creek, New South Wales, Australia",-33.9340183,151.151628
Campsie hand carwash,"14/28 Amy St, Campsie NSW 2194, Australia ",,"34P3+X2 Campsie, New South Wales, Australia",-33.912557,151.1025088
DATSIG Detailing & Coating,"142a Bexley Rd, Clemton Park NSW 2206, Australia ",http://www.datsigdetailingservices.com.au/,"34C5+QM Clemton Park, New South Wales, Australia",-33.9280695,151.1091381
Star Car Wash - Birkenhead Point,"Centre Blue Level Car, Birkenhead Point Outlet, 19 Roseby St, Drummoyne NSW 2047, Australia ",https://www.starcarwash.com.au/centres/birkenhead-point/?utm_source=google&utm_medium=organic&utm_campaign=gmb-listing,"45V6+QR Drummoyne, New South Wales, Australia",-33.8555224,151.1621054
Dog Wash,"37 Crystal St, Petersham NSW 2049, Australia ",,"4555+QG Petersham, New South Wales, Australia",-33.8906155,151.1588311
Car Skinning Sydney,"50 McEvoy St, Waterloo NSW 2017, Australia ",http://carskinning.com.au/,"36X3+72 Waterloo, New South Wales, Australia",-33.9018553,151.2025132
Shell,"213-253 Parramatta Road, Walker St, Five Dock NSW 2046, Australia ",https://find.shell.com/au/fuel/10110818-shell-coles-express-five-dock/en_AU,"44J7+2V Five Dock, New South Wales, Australia",-33.8699971,151.1147304
Alpine Autocare,"Contact for personal studio location, Platts Ave, Belmore NSW 2192, Australia ",https://www.fresha.com/book-now/alpine-autocare-fpov2riq/all-offer?id=1267318&pId=1202867,"33GV+VR Belmore, New South Wales, Australia",-33.9228484,151.0945862
Turramurra Car Wash,"1333 Pacific Hwy, Turramurra NSW 2074, Australia ",,"748G+RR Turramurra, New South Wales, Australia",-33.73298,151.127077
Star Car Wash - St Ives,"178 Mona Vale Rd, St Ives NSW 2075, Australia ",https://www.starcarwash.com.au/centres/st-ives/?utm_source=google&utm_medium=organic&utm_campaign=gmb-listing,,-33.7303461,151.158948
DB's Detailing,"Belle Rose, unit 44 165/167 Rosedale Rd, St Ives NSW 2075, Australia ",https://dbsdetailing.com.au/,"7596+8C St Ives, New South Wales, Australia",-33.7316712,151.1610613
Car Wash,"43 Epping Rd, Macquarie Park NSW 2113, Australia ",https://www.starcarwash.com.au/centres/macquarie-centre-1,"645J+GG Macquarie Park, New South Wales, Australia",-33.7912238,151.1312653
Mobile Shine Sydney,"166 Mona Vale Rd, St Ives NSW 2075, Australia ",https://www.facebook.com/profile.php?id=61559119942475,"75C5+3J St Ives, New South Wales, Australia",-33.7298085,151.1590724
Hydro Steam Car Wash And Spa,"246 Beecroft Rd, Epping NSW 2121, Australia ",,"63HJ+M6 Epping, New South Wales, Australia",-33.7708255,151.0805261
Blue Diamond Carwash,"400 Lane Cove Rd, Macquarie Park NSW 2113, Australia ",,"648H+6G Macquarie Park, New South Wales, Australia",-33.7844137,151.1288437
Star Car Wash - Westfield Hornsby (Orange Level Car Park),"8 Albert St, Hornsby NSW 2077, Australia ",https://www.starcarwash.com.au/centres/hornsby/?utm_source=google&utm_medium=organic&utm_campaign=gmb-listing,"74V2+VV Hornsby, New South Wales, Australia",-33.7052533,151.1021741
Star Car Wash - Rhodes Waterside,"Rhodes Waterside, 1 Rider Blvd, Rhodes NSW 2138, Australia ",https://www.starcarwash.com.au/centres/rhodes/?utm_source=google&utm_medium=organic&utm_campaign=gmb-listing,"538M+4X Rhodes, New South Wales, Australia",-33.8347227,151.0849762
Star Car Wash - Belrose Shopping Centre,"Belrose Super Centre, Shop 4/6 Niangala Cl, Belrose NSW 2085, Australia ",https://www.starcarwash.com.au/centres/belrose/?utm_source=google&utm_medium=organic&utm_campaign=gmb-listing,"76W7+H6 Belrose, New South Wales, Australia",-33.7035905,151.2130844
Xtream Car Care Eastwood Steam Detailing & Car Wash,"152/160 Rowe St, Eastwood NSW 2122, Australia ",http://www.xtreamcarcare.com.au/,,-33.7921866,151.0813899
Star Car Wash - Macquarie Centre 2 (David Jones entry),"Macquarie Centre Cnr of Herring Rd &, Waterloo Rd, Macquarie Park NSW 2113, Australia ",https://www.starcarwash.com.au/centres/macquarie-centre-2/?utm_source=google&utm_medium=organic&utm_campaign=gmb-listing,,-33.7767187,151.1205172
Pacific Motors,"859 Pacific Hwy, Pymble NSW 2073, Australia ",http://www.pacificmotors.com.au/,,-33.7487862,151.1459341
A1 Hand Carwash Carlingford,"801-809 Pennant Hills Rd, Carlingford NSW 2118, Australia ",,"63G2+2M Carlingford, New South Wales, Australia",-33.7749933,151.0516899
RND Mobile Detailing,"2 Durham Cl, Macquarie Park NSW 2113, Australia ",https://rndautodetailing.com/,,-33.7747323,151.1281254
Star Car Wash - Macquarie Centre (Valet Entry),"Macquarie Centre Cnr of Waterloo Rd &, Herring Rd, Macquarie Park NSW 2113, Australia ",https://www.starcarwash.com.au/centres/macquarie-centre-1/?utm_source=google&utm_medium=organic&utm_campaign=gmb-listing,,-33.7767187,151.1205172
Boutique Car Polishing & Detailing,"1 Mellor St, West Ryde NSW 2114, Australia ",,,-33.8118327,151.0938977
Star Car Wash - Forestway Shopping Centre,"Star Car Wash, Forestway Shopping Centre, 20 Forest Way, Frenchs Forest NSW 2086, Australia ",https://www.starcarwash.com.au/centres/forestway-shopping-centre/?utm_source=google&utm_medium=organic&utm_campaign=gmb-appt,,-33.7506228,151.2246335
Ryde Car Detailing,"11 Colvin Cres, Denistone East NSW 2112, Australia ",https://rydecardetailing.wordpress.com/home/,,-33.7942603,151.0998424
Shine Auto Haus,"50 Walker St, Rhodes NSW 2138, Australia ",https://www.shineautohaus.com.au/?utm_source=google&utm_medium=wix_google_business_profile&utm_campaign=3957806569266518555,"53FP+8W Rhodes, New South Wales, Australia",-33.8267375,151.0872597
Detailing by Evcom,"1 Hillpine Pl, Terrey Hills NSW 2084, Australia ",,"86FF+2X Terrey Hills, New South Wales, Australia",-33.6774426,151.224884
Detail Xpress Mobile Detailing,"Ryde NSW 2112, Australia ",https://instagram.com/detail.xpress23?igshid=YTQwZjQ0NmI0OA==&utm_source=qr,"54P3+RX Ryde, New South Wales, Australia",-33.8129803,151.1049802
Shine On Car Wash,"101/5 Footbridge Bvd, Wentworth Point NSW 2127, Australia ",http://www.shineoncarwash.com.au/,"53GH+4G Wentworth Point, New South Wales, Australia",-33.8247212,151.0788445
GEORGE’S MOBILE CAR WASH,"17 Hume Ave, Ermington NSW 2115, Australia ",,"53R4+6V Ermington, New South Wales, Australia",-33.8094896,151.057211
Star Car Wash Top Ryde B2 Parking Level,"Blaxland Road, Devlin St, Ryde NSW 2112, Australia ",https://www.starcarwash.com.au/centres/top-ryde/?utm_source=google&utm_medium=organic&utm_campaign=gmb-listing,,-33.812188,151.106258
Chroma Detailing,"Unit 3/28 Buffalo Rd, Gladesville NSW 2111, Australia ",http://chromadetailing.com.au/,,-33.8201902,151.1235693
H.PET,"73 Grandview St, Pymble NSW 2073, Australia ",http://www.hpet.com.au/,"744V+63 Pymble, New South Wales, Australia",-33.7444841,151.1426522
WashNDash,"119A Hull Rd, West Pennant Hills NSW 2125, Australia ",,"7364+75 West Pennant Hills, New South Wales, Australia",-33.7393604,151.0553915
Chroma Car Detailing,"29 Devlin St, Ryde NSW 2112, Australia ",,"54P3+57 Ryde, New South Wales, Australia",-33.8145286,151.1031394
DDP Detailing,"17 Tabora St, Forestville NSW 2087, Australia ",,,-33.7695269,151.2130159
Deluxe Automotive Detailing,"19 Ada Ave, Brookvale NSW 2100, Australia ",https://deluxecarwash.com.au/,,-33.7662004,151.2773261
Performance Detailers,"Unit 307/229 Kingsgrove Rd, Kingsgrove NSW 2208, Australia ",https://performancedetailers.com.au/,"3452+G7 Kingsgrove, New South Wales, Australia",-33.9411322,151.1006992
AutoCare,"2000/78 King St, Sydney NSW 2000, Australia ",http://bengaria.com/,"46J5+J3 Sydney, New South Wales, Australia",-33.8684801,151.2076862
bp,"169 Willoughby Rd, Naremburn NSW 2065, Australia ",https://map.bp.com/en-AU/AU/gas-station/naremburn/bp-naremburn/9544,"56H2+XC Naremburn, New South Wales, Australia",-33.8200095,151.2010655
Coles Pyrmont,"50/72 Edward St, Pyrmont NSW 2009, Australia ",http://www.coles.com.au/find-stores/coles/nsw/pyrmont-728,"45JW+6G Pyrmont, New South Wales, Australia",-33.8693804,151.1962998
Prestige Auto Body Shop - Smash Repair | Car Detailer | Panel Beater | Artarmon,"83-85 Reserve Rd, Artarmon NSW 2064, Australia ",http://www.prestigeautobody.com.au/,"55MP+PR Artarmon, New South Wales, Australia",-33.815679,151.187077
IGA Local Grocer Pyrmont + Liquor,"1, Shop 121/29 Bunn St, Pyrmont NSW 2009, Australia ",https://www.iga.com.au/?utm_source=google&utm_medium=organic&utm_campaign=Google+My+Business&utm_content=IGA+Local+Grocer+Pyrmont+%2B+Liquor&utm_term=plcid_15974560488793220441,"45HW+8X Pyrmont, New South Wales, Australia",-33.8716919,151.1973888
Randwick Auto Artisans,"Shop 5 Level 1/68 Frenchmans Rd, Randwick NSW 2031, Australia ",https://www.randwickautoartisans.com.au/,"36VX+3V Randwick, New South Wales, Australia",-33.9073214,151.2496791
Hansen,"31 Arthur St, Randwick NSW 2031, Australia ",,"36MQ+X7 Randwick, New South Wales, Australia",-33.9151106,151.2382055
SunCare Rockdale,"251R Princes Hwy, Arncliffe NSW 2205, Australia ",http://www.suncarerockdale.com.au/,"345V+6M Arncliffe, New South Wales, Australia",-33.9419838,151.1441689
Stacks Of Wax,"19 The Seven Ways, Rockdale NSW 2216, Australia ",,"24WP+PP Rockdale, New South Wales, Australia",-33.9531655,151.1367637
Quick quack carwash,"10-12 Luxford Rd, Mount Druitt NSW 2770, Australia ",,"6RPF+3W Mount Druitt, New South Wales, Australia",-33.7647848,150.824855
